QTD000001	eQTL	/disks/data/eqtl_catalogue_r6/credible_sets/QTD000001.credible_sets.tsv.gz
QTD000002	eQTL	/disks/data/eqtl_catalogue_r6/credible_sets/QTD000002.credible_sets.tsv.gz
QTD000003	eQTL	/disks/data/eqtl_catalogue_r6/credible_sets/QTD000003.credible_sets.tsv.gz
QTD000004	eQTL	/disks/data/eqtl_catalogue_r6/credible_sets/QTD000004.credible_sets.tsv.gz
QTD000005	sQTL	/disks/data/eqtl_catalogue_r6/credible_sets/QTD000005.credible_sets.tsv.gz
QTD000006	eQTL	/disks/data/eqtl_catalogue_r6/credible_sets/QTD000006.credible_sets.tsv.gz
QTD000007	eQTL	/disks/data/eqtl_catalogue_r6/credible_sets/QTD000007.credible_sets.tsv.gz
QTD000008	eQTL	/disks/data/eqtl_catalogue_r6/credible_sets/QTD000008.credible_sets.tsv.gz
QTD000009	eQTL	/disks/data/eqtl_catalogue_r6/credible_sets/QTD000009.credible_sets.tsv.gz
QTD000010	sQTL	/disks/data/eqtl_catalogue_r6/credible_sets/QTD000010.credible_sets.tsv.gz
QTD000011	eQTL	/disks/data/eqtl_catalogue_r6/credible_sets/QTD000011.credible_sets.tsv.gz
QTD000012	eQTL	/disks/data/eqtl_catalogue_r6/credible_sets/QTD000012.credible_sets.tsv.gz
QTD000013	eQTL	/disks/data/eqtl_catalogue_r6/credible_sets/QTD000013.credible_sets.tsv.gz
QTD000014	eQTL	/disks/data/eqtl_catalogue_r6/credible_sets/QTD000014.credible_sets.tsv.gz
QTD000015	sQTL	/disks/data/eqtl_catalogue_r6/credible_sets/QTD000015.credible_sets.tsv.gz
QTD000016	eQTL	/disks/data/eqtl_catalogue_r6/credible_sets/QTD000016.credible_sets.tsv.gz
QTD000017	eQTL	/disks/data/eqtl_catalogue_r6/credible_sets/QTD000017.credible_sets.tsv.gz
QTD000018	eQTL	/disks/data/eqtl_catalogue_r6/credible_sets/QTD000018.credible_sets.tsv.gz
QTD000019	eQTL	/disks/data/eqtl_catalogue_r6/credible_sets/QTD000019.credible_sets.tsv.gz
QTD000020	sQTL	/disks/data/eqtl_catalogue_r6/credible_sets/QTD000020.credible_sets.tsv.gz
QTD000021	eQTL	/disks/data/eqtl_catalogue_r6/credible_sets/QTD000021.credible_sets.tsv.gz
QTD000022	eQTL	/disks/data/eqtl_catalogue_r6/credible_sets/QTD000022.credible_sets.tsv.gz
QTD000023	eQTL	/disks/data/eqtl_catalogue_r6/credible_sets/QTD000023.credible_sets.tsv.gz
QTD000024	eQTL	/disks/data/eqtl_catalogue_r6/credible_sets/QTD000024.credible_sets.tsv.gz
QTD000025	sQTL	/disks/data/eqtl_catalogue_r6/credible_sets/QTD000025.credible_sets.tsv.gz
QTD000026	eQTL	/disks/data/eqtl_catalogue_r6/credible_sets/QTD000026.credible_sets.tsv.gz
QTD000027	eQTL	/disks/data/eqtl_catalogue_r6/credible_sets/QTD000027.credible_sets.tsv.gz
QTD000028	eQTL	/disks/data/eqtl_catalogue_r6/credible_sets/QTD000028.credible_sets.tsv.gz
QTD000029	eQTL	/disks/data/eqtl_catalogue_r6/credible_sets/QTD000029.credible_sets.tsv.gz
QTD000030	sQTL	/disks/data/eqtl_catalogue_r6/credible_sets/QTD000030.credible_sets.tsv.gz
QTD000031	eQTL	/disks/data/eqtl_catalogue_r6/credible_sets/QTD000031.credible_sets.tsv.gz
QTD000032	eQTL	/disks/data/eqtl_catalogue_r6/credible_sets/QTD000032.credible_sets.tsv.gz
QTD000033	eQTL	/disks/data/eqtl_catalogue_r6/credible_sets/QTD000033.credible_sets.tsv.gz
QTD000034	eQTL	/disks/data/eqtl_catalogue_r6/credible_sets/QTD000034.credible_sets.tsv.gz
QTD000035	sQTL	/disks/data/eqtl_catalogue_r6/credible_sets/QTD000035.credible_sets.tsv.gz
QTD000036	eQTL	/disks/data/eqtl_catalogue_r6/credible_sets/QTD000036.credible_sets.tsv.gz
QTD000037	eQTL	/disks/data/eqtl_catalogue_r6/credible_sets/QTD000037.credible_sets.tsv.gz
QTD000038	eQTL	/disks/data/eqtl_catalogue_r6/credible_sets/QTD000038.credible_sets.tsv.gz
QTD000039	eQTL	/disks/data/eqtl_catalogue_r6/credible_sets/QTD000039.credible_sets.tsv.gz
QTD000040	sQTL	/disks/data/eqtl_catalogue_r6/credible_sets/QTD000040.credible_sets.tsv.gz
QTD000041	eQTL	/disks/data/eqtl_catalogue_r6/credible_sets/QTD000041.credible_sets.tsv.gz
QTD000042	eQTL	/disks/data/eqtl_catalogue_r6/credible_sets/QTD000042.credible_sets.tsv.gz
QTD000043	eQTL	/disks/data/eqtl_catalogue_r6/credible_sets/QTD000043.credible_sets.tsv.gz
QTD000044	eQTL	/disks/data/eqtl_catalogue_r6/credible_sets/QTD000044.credible_sets.tsv.gz
QTD000045	sQTL	/disks/data/eqtl_catalogue_r6/credible_sets/QTD000045.credible_sets.tsv.gz
QTD000046	eQTL	/disks/data/eqtl_catalogue_r6/credible_sets/QTD000046.credible_sets.tsv.gz
QTD000047	eQTL	/disks/data/eqtl_catalogue_r6/credible_sets/QTD000047.credible_sets.tsv.gz
QTD000048	eQTL	/disks/data/eqtl_catalogue_r6/credible_sets/QTD000048.credible_sets.tsv.gz
QTD000049	eQTL	/disks/data/eqtl_catalogue_r6/credible_sets/QTD000049.credible_sets.tsv.gz
QTD000050	sQTL	/disks/data/eqtl_catalogue_r6/credible_sets/QTD000050.credible_sets.tsv.gz
QTD000051	eQTL	/disks/data/eqtl_catalogue_r6/credible_sets/QTD000051.credible_sets.tsv.gz
QTD000052	eQTL	/disks/data/eqtl_catalogue_r6/credible_sets/QTD000052.credible_sets.tsv.gz
QTD000053	eQTL	/disks/data/eqtl_catalogue_r6/credible_sets/QTD000053.credible_sets.tsv.gz
QTD000054	eQTL	/disks/data/eqtl_catalogue_r6/credible_sets/QTD000054.credible_sets.tsv.gz
QTD000055	sQTL	/disks/data/eqtl_catalogue_r6/credible_sets/QTD000055.credible_sets.tsv.gz
QTD000056	eQTL	/disks/data/eqtl_catalogue_r6/credible_sets/QTD000056.credible_sets.tsv.gz
QTD000057	eQTL	/disks/data/eqtl_catalogue_r6/credible_sets/QTD000057.credible_sets.tsv.gz
QTD000058	eQTL	/disks/data/eqtl_catalogue_r6/credible_sets/QTD000058.credible_sets.tsv.gz
QTD000059	eQTL	/disks/data/eqtl_catalogue_r6/credible_sets/QTD000059.credible_sets.tsv.gz
QTD000060	sQTL	/disks/data/eqtl_catalogue_r6/credible_sets/QTD000060.credible_sets.tsv.gz
QTD000061	eQTL	/disks/data/eqtl_catalogue_r6/credible_sets/QTD000061.credible_sets.tsv.gz
QTD000062	eQTL	/disks/data/eqtl_catalogue_r6/credible_sets/QTD000062.credible_sets.tsv.gz
QTD000063	eQTL	/disks/data/eqtl_catalogue_r6/credible_sets/QTD000063.credible_sets.tsv.gz
QTD000064	eQTL	/disks/data/eqtl_catalogue_r6/credible_sets/QTD000064.credible_sets.tsv.gz
QTD000065	sQTL	/disks/data/eqtl_catalogue_r6/credible_sets/QTD000065.credible_sets.tsv.gz
QTD000066	eQTL	/disks/data/eqtl_catalogue_r6/credible_sets/QTD000066.credible_sets.tsv.gz
QTD000067	eQTL	/disks/data/eqtl_catalogue_r6/credible_sets/QTD000067.credible_sets.tsv.gz
QTD000068	eQTL	/disks/data/eqtl_catalogue_r6/credible_sets/QTD000068.credible_sets.tsv.gz
QTD000069	eQTL	/disks/data/eqtl_catalogue_r6/credible_sets/QTD000069.credible_sets.tsv.gz
QTD000070	eQTL	/disks/data/eqtl_catalogue_r6/credible_sets/QTD000070.credible_sets.tsv.gz
QTD000071	eQTL	/disks/data/eqtl_catalogue_r6/credible_sets/QTD000071.credible_sets.tsv.gz
QTD000072	eQTL	/disks/data/eqtl_catalogue_r6/credible_sets/QTD000072.credible_sets.tsv.gz
QTD000073	eQTL	/disks/data/eqtl_catalogue_r6/credible_sets/QTD000073.credible_sets.tsv.gz
QTD000074	eQTL	/disks/data/eqtl_catalogue_r6/credible_sets/QTD000074.credible_sets.tsv.gz
QTD000075	eQTL	/disks/data/eqtl_catalogue_r6/credible_sets/QTD000075.credible_sets.tsv.gz
QTD000076	eQTL	/disks/data/eqtl_catalogue_r6/credible_sets/QTD000076.credible_sets.tsv.gz
QTD000077	eQTL	/disks/data/eqtl_catalogue_r6/credible_sets/QTD000077.credible_sets.tsv.gz
QTD000078	eQTL	/disks/data/eqtl_catalogue_r6/credible_sets/QTD000078.credible_sets.tsv.gz
QTD000079	sQTL	/disks/data/eqtl_catalogue_r6/credible_sets/QTD000079.credible_sets.tsv.gz
QTD000080	eQTL	/disks/data/eqtl_catalogue_r6/credible_sets/QTD000080.credible_sets.tsv.gz
QTD000081	eQTL	/disks/data/eqtl_catalogue_r6/credible_sets/QTD000081.credible_sets.tsv.gz
QTD000082	eQTL	/disks/data/eqtl_catalogue_r6/credible_sets/QTD000082.credible_sets.tsv.gz
QTD000083	eQTL	/disks/data/eqtl_catalogue_r6/credible_sets/QTD000083.credible_sets.tsv.gz
QTD000084	eQTL	/disks/data/eqtl_catalogue_r6/credible_sets/QTD000084.credible_sets.tsv.gz
QTD000085	eQTL	/disks/data/eqtl_catalogue_r6/credible_sets/QTD000085.credible_sets.tsv.gz
QTD000086	eQTL	/disks/data/eqtl_catalogue_r6/credible_sets/QTD000086.credible_sets.tsv.gz
QTD000087	eQTL	/disks/data/eqtl_catalogue_r6/credible_sets/QTD000087.credible_sets.tsv.gz
QTD000088	eQTL	/disks/data/eqtl_catalogue_r6/credible_sets/QTD000088.credible_sets.tsv.gz
QTD000089	sQTL	/disks/data/eqtl_catalogue_r6/credible_sets/QTD000089.credible_sets.tsv.gz
QTD000090	eQTL	/disks/data/eqtl_catalogue_r6/credible_sets/QTD000090.credible_sets.tsv.gz
QTD000091	eQTL	/disks/data/eqtl_catalogue_r6/credible_sets/QTD000091.credible_sets.tsv.gz
QTD000092	eQTL	/disks/data/eqtl_catalogue_r6/credible_sets/QTD000092.credible_sets.tsv.gz
QTD000093	eQTL	/disks/data/eqtl_catalogue_r6/credible_sets/QTD000093.credible_sets.tsv.gz
QTD000094	sQTL	/disks/data/eqtl_catalogue_r6/credible_sets/QTD000094.credible_sets.tsv.gz
QTD000095	eQTL	/disks/data/eqtl_catalogue_r6/credible_sets/QTD000095.credible_sets.tsv.gz
QTD000096	eQTL	/disks/data/eqtl_catalogue_r6/credible_sets/QTD000096.credible_sets.tsv.gz
QTD000097	eQTL	/disks/data/eqtl_catalogue_r6/credible_sets/QTD000097.credible_sets.tsv.gz
QTD000098	eQTL	/disks/data/eqtl_catalogue_r6/credible_sets/QTD000098.credible_sets.tsv.gz
QTD000099	sQTL	/disks/data/eqtl_catalogue_r6/credible_sets/QTD000099.credible_sets.tsv.gz
QTD000100	eQTL	/disks/data/eqtl_catalogue_r6/credible_sets/QTD000100.credible_sets.tsv.gz
QTD000101	eQTL	/disks/data/eqtl_catalogue_r6/credible_sets/QTD000101.credible_sets.tsv.gz
QTD000102	eQTL	/disks/data/eqtl_catalogue_r6/credible_sets/QTD000102.credible_sets.tsv.gz
QTD000103	eQTL	/disks/data/eqtl_catalogue_r6/credible_sets/QTD000103.credible_sets.tsv.gz
QTD000104	sQTL	/disks/data/eqtl_catalogue_r6/credible_sets/QTD000104.credible_sets.tsv.gz
QTD000105	eQTL	/disks/data/eqtl_catalogue_r6/credible_sets/QTD000105.credible_sets.tsv.gz
QTD000106	eQTL	/disks/data/eqtl_catalogue_r6/credible_sets/QTD000106.credible_sets.tsv.gz
QTD000107	eQTL	/disks/data/eqtl_catalogue_r6/credible_sets/QTD000107.credible_sets.tsv.gz
QTD000108	eQTL	/disks/data/eqtl_catalogue_r6/credible_sets/QTD000108.credible_sets.tsv.gz
QTD000109	sQTL	/disks/data/eqtl_catalogue_r6/credible_sets/QTD000109.credible_sets.tsv.gz
QTD000110	eQTL	/disks/data/eqtl_catalogue_r6/credible_sets/QTD000110.credible_sets.tsv.gz
QTD000111	eQTL	/disks/data/eqtl_catalogue_r6/credible_sets/QTD000111.credible_sets.tsv.gz
QTD000112	eQTL	/disks/data/eqtl_catalogue_r6/credible_sets/QTD000112.credible_sets.tsv.gz
QTD000113	eQTL	/disks/data/eqtl_catalogue_r6/credible_sets/QTD000113.credible_sets.tsv.gz
QTD000114	sQTL	/disks/data/eqtl_catalogue_r6/credible_sets/QTD000114.credible_sets.tsv.gz
QTD000115	eQTL	/disks/data/eqtl_catalogue_r6/credible_sets/QTD000115.credible_sets.tsv.gz
QTD000116	eQTL	/disks/data/eqtl_catalogue_r6/credible_sets/QTD000116.credible_sets.tsv.gz
QTD000117	eQTL	/disks/data/eqtl_catalogue_r6/credible_sets/QTD000117.credible_sets.tsv.gz
QTD000118	eQTL	/disks/data/eqtl_catalogue_r6/credible_sets/QTD000118.credible_sets.tsv.gz
QTD000119	eQTL	/disks/data/eqtl_catalogue_r6/credible_sets/QTD000119.credible_sets.tsv.gz
QTD000120	sQTL	/disks/data/eqtl_catalogue_r6/credible_sets/QTD000120.credible_sets.tsv.gz
QTD000121	eQTL	/disks/data/eqtl_catalogue_r6/credible_sets/QTD000121.credible_sets.tsv.gz
QTD000122	eQTL	/disks/data/eqtl_catalogue_r6/credible_sets/QTD000122.credible_sets.tsv.gz
QTD000123	eQTL	/disks/data/eqtl_catalogue_r6/credible_sets/QTD000123.credible_sets.tsv.gz
QTD000124	eQTL	/disks/data/eqtl_catalogue_r6/credible_sets/QTD000124.credible_sets.tsv.gz
QTD000125	sQTL	/disks/data/eqtl_catalogue_r6/credible_sets/QTD000125.credible_sets.tsv.gz
QTD000126	eQTL	/disks/data/eqtl_catalogue_r6/credible_sets/QTD000126.credible_sets.tsv.gz
QTD000127	eQTL	/disks/data/eqtl_catalogue_r6/credible_sets/QTD000127.credible_sets.tsv.gz
QTD000128	eQTL	/disks/data/eqtl_catalogue_r6/credible_sets/QTD000128.credible_sets.tsv.gz
QTD000129	eQTL	/disks/data/eqtl_catalogue_r6/credible_sets/QTD000129.credible_sets.tsv.gz
QTD000130	sQTL	/disks/data/eqtl_catalogue_r6/credible_sets/QTD000130.credible_sets.tsv.gz
QTD000131	eQTL	/disks/data/eqtl_catalogue_r6/credible_sets/QTD000131.credible_sets.tsv.gz
QTD000132	eQTL	/disks/data/eqtl_catalogue_r6/credible_sets/QTD000132.credible_sets.tsv.gz
QTD000133	eQTL	/disks/data/eqtl_catalogue_r6/credible_sets/QTD000133.credible_sets.tsv.gz
QTD000134	eQTL	/disks/data/eqtl_catalogue_r6/credible_sets/QTD000134.credible_sets.tsv.gz
QTD000135	sQTL	/disks/data/eqtl_catalogue_r6/credible_sets/QTD000135.credible_sets.tsv.gz
QTD000136	eQTL	/disks/data/eqtl_catalogue_r6/credible_sets/QTD000136.credible_sets.tsv.gz
QTD000137	eQTL	/disks/data/eqtl_catalogue_r6/credible_sets/QTD000137.credible_sets.tsv.gz
QTD000138	eQTL	/disks/data/eqtl_catalogue_r6/credible_sets/QTD000138.credible_sets.tsv.gz
QTD000139	eQTL	/disks/data/eqtl_catalogue_r6/credible_sets/QTD000139.credible_sets.tsv.gz
QTD000140	sQTL	/disks/data/eqtl_catalogue_r6/credible_sets/QTD000140.credible_sets.tsv.gz
QTD000141	eQTL	/disks/data/eqtl_catalogue_r6/credible_sets/QTD000141.credible_sets.tsv.gz
QTD000142	eQTL	/disks/data/eqtl_catalogue_r6/credible_sets/QTD000142.credible_sets.tsv.gz
QTD000143	eQTL	/disks/data/eqtl_catalogue_r6/credible_sets/QTD000143.credible_sets.tsv.gz
QTD000144	eQTL	/disks/data/eqtl_catalogue_r6/credible_sets/QTD000144.credible_sets.tsv.gz
QTD000145	sQTL	/disks/data/eqtl_catalogue_r6/credible_sets/QTD000145.credible_sets.tsv.gz
QTD000146	eQTL	/disks/data/eqtl_catalogue_r6/credible_sets/QTD000146.credible_sets.tsv.gz
QTD000147	eQTL	/disks/data/eqtl_catalogue_r6/credible_sets/QTD000147.credible_sets.tsv.gz
QTD000148	eQTL	/disks/data/eqtl_catalogue_r6/credible_sets/QTD000148.credible_sets.tsv.gz
QTD000149	eQTL	/disks/data/eqtl_catalogue_r6/credible_sets/QTD000149.credible_sets.tsv.gz
QTD000150	sQTL	/disks/data/eqtl_catalogue_r6/credible_sets/QTD000150.credible_sets.tsv.gz
QTD000151	eQTL	/disks/data/eqtl_catalogue_r6/credible_sets/QTD000151.credible_sets.tsv.gz
QTD000152	eQTL	/disks/data/eqtl_catalogue_r6/credible_sets/QTD000152.credible_sets.tsv.gz
QTD000153	eQTL	/disks/data/eqtl_catalogue_r6/credible_sets/QTD000153.credible_sets.tsv.gz
QTD000154	eQTL	/disks/data/eqtl_catalogue_r6/credible_sets/QTD000154.credible_sets.tsv.gz
QTD000155	sQTL	/disks/data/eqtl_catalogue_r6/credible_sets/QTD000155.credible_sets.tsv.gz
QTD000156	eQTL	/disks/data/eqtl_catalogue_r6/credible_sets/QTD000156.credible_sets.tsv.gz
QTD000157	eQTL	/disks/data/eqtl_catalogue_r6/credible_sets/QTD000157.credible_sets.tsv.gz
QTD000158	eQTL	/disks/data/eqtl_catalogue_r6/credible_sets/QTD000158.credible_sets.tsv.gz
QTD000159	eQTL	/disks/data/eqtl_catalogue_r6/credible_sets/QTD000159.credible_sets.tsv.gz
QTD000160	sQTL	/disks/data/eqtl_catalogue_r6/credible_sets/QTD000160.credible_sets.tsv.gz
QTD000161	eQTL	/disks/data/eqtl_catalogue_r6/credible_sets/QTD000161.credible_sets.tsv.gz
QTD000162	eQTL	/disks/data/eqtl_catalogue_r6/credible_sets/QTD000162.credible_sets.tsv.gz
QTD000163	eQTL	/disks/data/eqtl_catalogue_r6/credible_sets/QTD000163.credible_sets.tsv.gz
QTD000164	eQTL	/disks/data/eqtl_catalogue_r6/credible_sets/QTD000164.credible_sets.tsv.gz
QTD000165	sQTL	/disks/data/eqtl_catalogue_r6/credible_sets/QTD000165.credible_sets.tsv.gz
QTD000166	eQTL	/disks/data/eqtl_catalogue_r6/credible_sets/QTD000166.credible_sets.tsv.gz
QTD000167	eQTL	/disks/data/eqtl_catalogue_r6/credible_sets/QTD000167.credible_sets.tsv.gz
QTD000168	eQTL	/disks/data/eqtl_catalogue_r6/credible_sets/QTD000168.credible_sets.tsv.gz
QTD000169	eQTL	/disks/data/eqtl_catalogue_r6/credible_sets/QTD000169.credible_sets.tsv.gz
QTD000170	sQTL	/disks/data/eqtl_catalogue_r6/credible_sets/QTD000170.credible_sets.tsv.gz
QTD000171	eQTL	/disks/data/eqtl_catalogue_r6/credible_sets/QTD000171.credible_sets.tsv.gz
QTD000172	eQTL	/disks/data/eqtl_catalogue_r6/credible_sets/QTD000172.credible_sets.tsv.gz
QTD000173	eQTL	/disks/data/eqtl_catalogue_r6/credible_sets/QTD000173.credible_sets.tsv.gz
QTD000174	eQTL	/disks/data/eqtl_catalogue_r6/credible_sets/QTD000174.credible_sets.tsv.gz
QTD000175	sQTL	/disks/data/eqtl_catalogue_r6/credible_sets/QTD000175.credible_sets.tsv.gz
QTD000176	eQTL	/disks/data/eqtl_catalogue_r6/credible_sets/QTD000176.credible_sets.tsv.gz
QTD000177	eQTL	/disks/data/eqtl_catalogue_r6/credible_sets/QTD000177.credible_sets.tsv.gz
QTD000178	eQTL	/disks/data/eqtl_catalogue_r6/credible_sets/QTD000178.credible_sets.tsv.gz
QTD000179	eQTL	/disks/data/eqtl_catalogue_r6/credible_sets/QTD000179.credible_sets.tsv.gz
QTD000180	sQTL	/disks/data/eqtl_catalogue_r6/credible_sets/QTD000180.credible_sets.tsv.gz
QTD000181	eQTL	/disks/data/eqtl_catalogue_r6/credible_sets/QTD000181.credible_sets.tsv.gz
QTD000182	eQTL	/disks/data/eqtl_catalogue_r6/credible_sets/QTD000182.credible_sets.tsv.gz
QTD000183	eQTL	/disks/data/eqtl_catalogue_r6/credible_sets/QTD000183.credible_sets.tsv.gz
QTD000184	eQTL	/disks/data/eqtl_catalogue_r6/credible_sets/QTD000184.credible_sets.tsv.gz
QTD000185	sQTL	/disks/data/eqtl_catalogue_r6/credible_sets/QTD000185.credible_sets.tsv.gz
QTD000186	eQTL	/disks/data/eqtl_catalogue_r6/credible_sets/QTD000186.credible_sets.tsv.gz
QTD000187	eQTL	/disks/data/eqtl_catalogue_r6/credible_sets/QTD000187.credible_sets.tsv.gz
QTD000188	eQTL	/disks/data/eqtl_catalogue_r6/credible_sets/QTD000188.credible_sets.tsv.gz
QTD000189	eQTL	/disks/data/eqtl_catalogue_r6/credible_sets/QTD000189.credible_sets.tsv.gz
QTD000190	sQTL	/disks/data/eqtl_catalogue_r6/credible_sets/QTD000190.credible_sets.tsv.gz
QTD000191	eQTL	/disks/data/eqtl_catalogue_r6/credible_sets/QTD000191.credible_sets.tsv.gz
QTD000192	eQTL	/disks/data/eqtl_catalogue_r6/credible_sets/QTD000192.credible_sets.tsv.gz
QTD000193	eQTL	/disks/data/eqtl_catalogue_r6/credible_sets/QTD000193.credible_sets.tsv.gz
QTD000194	eQTL	/disks/data/eqtl_catalogue_r6/credible_sets/QTD000194.credible_sets.tsv.gz
QTD000195	sQTL	/disks/data/eqtl_catalogue_r6/credible_sets/QTD000195.credible_sets.tsv.gz
QTD000196	eQTL	/disks/data/eqtl_catalogue_r6/credible_sets/QTD000196.credible_sets.tsv.gz
QTD000197	eQTL	/disks/data/eqtl_catalogue_r6/credible_sets/QTD000197.credible_sets.tsv.gz
QTD000198	eQTL	/disks/data/eqtl_catalogue_r6/credible_sets/QTD000198.credible_sets.tsv.gz
QTD000199	eQTL	/disks/data/eqtl_catalogue_r6/credible_sets/QTD000199.credible_sets.tsv.gz
QTD000200	sQTL	/disks/data/eqtl_catalogue_r6/credible_sets/QTD000200.credible_sets.tsv.gz
QTD000201	eQTL	/disks/data/eqtl_catalogue_r6/credible_sets/QTD000201.credible_sets.tsv.gz
QTD000202	eQTL	/disks/data/eqtl_catalogue_r6/credible_sets/QTD000202.credible_sets.tsv.gz
QTD000203	eQTL	/disks/data/eqtl_catalogue_r6/credible_sets/QTD000203.credible_sets.tsv.gz
QTD000204	eQTL	/disks/data/eqtl_catalogue_r6/credible_sets/QTD000204.credible_sets.tsv.gz
QTD000205	sQTL	/disks/data/eqtl_catalogue_r6/credible_sets/QTD000205.credible_sets.tsv.gz
QTD000206	eQTL	/disks/data/eqtl_catalogue_r6/credible_sets/QTD000206.credible_sets.tsv.gz
QTD000207	eQTL	/disks/data/eqtl_catalogue_r6/credible_sets/QTD000207.credible_sets.tsv.gz
QTD000208	eQTL	/disks/data/eqtl_catalogue_r6/credible_sets/QTD000208.credible_sets.tsv.gz
QTD000209	eQTL	/disks/data/eqtl_catalogue_r6/credible_sets/QTD000209.credible_sets.tsv.gz
QTD000210	sQTL	/disks/data/eqtl_catalogue_r6/credible_sets/QTD000210.credible_sets.tsv.gz
QTD000211	eQTL	/disks/data/eqtl_catalogue_r6/credible_sets/QTD000211.credible_sets.tsv.gz
QTD000212	eQTL	/disks/data/eqtl_catalogue_r6/credible_sets/QTD000212.credible_sets.tsv.gz
QTD000213	eQTL	/disks/data/eqtl_catalogue_r6/credible_sets/QTD000213.credible_sets.tsv.gz
QTD000214	eQTL	/disks/data/eqtl_catalogue_r6/credible_sets/QTD000214.credible_sets.tsv.gz
QTD000215	sQTL	/disks/data/eqtl_catalogue_r6/credible_sets/QTD000215.credible_sets.tsv.gz
QTD000216	eQTL	/disks/data/eqtl_catalogue_r6/credible_sets/QTD000216.credible_sets.tsv.gz
QTD000217	eQTL	/disks/data/eqtl_catalogue_r6/credible_sets/QTD000217.credible_sets.tsv.gz
QTD000218	eQTL	/disks/data/eqtl_catalogue_r6/credible_sets/QTD000218.credible_sets.tsv.gz
QTD000219	eQTL	/disks/data/eqtl_catalogue_r6/credible_sets/QTD000219.credible_sets.tsv.gz
QTD000220	sQTL	/disks/data/eqtl_catalogue_r6/credible_sets/QTD000220.credible_sets.tsv.gz
QTD000221	eQTL	/disks/data/eqtl_catalogue_r6/credible_sets/QTD000221.credible_sets.tsv.gz
QTD000222	eQTL	/disks/data/eqtl_catalogue_r6/credible_sets/QTD000222.credible_sets.tsv.gz
QTD000223	eQTL	/disks/data/eqtl_catalogue_r6/credible_sets/QTD000223.credible_sets.tsv.gz
QTD000224	eQTL	/disks/data/eqtl_catalogue_r6/credible_sets/QTD000224.credible_sets.tsv.gz
QTD000225	sQTL	/disks/data/eqtl_catalogue_r6/credible_sets/QTD000225.credible_sets.tsv.gz
QTD000226	eQTL	/disks/data/eqtl_catalogue_r6/credible_sets/QTD000226.credible_sets.tsv.gz
QTD000227	eQTL	/disks/data/eqtl_catalogue_r6/credible_sets/QTD000227.credible_sets.tsv.gz
QTD000228	eQTL	/disks/data/eqtl_catalogue_r6/credible_sets/QTD000228.credible_sets.tsv.gz
QTD000229	eQTL	/disks/data/eqtl_catalogue_r6/credible_sets/QTD000229.credible_sets.tsv.gz
QTD000230	sQTL	/disks/data/eqtl_catalogue_r6/credible_sets/QTD000230.credible_sets.tsv.gz
QTD000231	eQTL	/disks/data/eqtl_catalogue_r6/credible_sets/QTD000231.credible_sets.tsv.gz
QTD000232	eQTL	/disks/data/eqtl_catalogue_r6/credible_sets/QTD000232.credible_sets.tsv.gz
QTD000233	eQTL	/disks/data/eqtl_catalogue_r6/credible_sets/QTD000233.credible_sets.tsv.gz
QTD000234	eQTL	/disks/data/eqtl_catalogue_r6/credible_sets/QTD000234.credible_sets.tsv.gz
QTD000235	sQTL	/disks/data/eqtl_catalogue_r6/credible_sets/QTD000235.credible_sets.tsv.gz
QTD000236	eQTL	/disks/data/eqtl_catalogue_r6/credible_sets/QTD000236.credible_sets.tsv.gz
QTD000237	eQTL	/disks/data/eqtl_catalogue_r6/credible_sets/QTD000237.credible_sets.tsv.gz
QTD000238	eQTL	/disks/data/eqtl_catalogue_r6/credible_sets/QTD000238.credible_sets.tsv.gz
QTD000239	eQTL	/disks/data/eqtl_catalogue_r6/credible_sets/QTD000239.credible_sets.tsv.gz
QTD000240	sQTL	/disks/data/eqtl_catalogue_r6/credible_sets/QTD000240.credible_sets.tsv.gz
QTD000241	eQTL	/disks/data/eqtl_catalogue_r6/credible_sets/QTD000241.credible_sets.tsv.gz
QTD000242	eQTL	/disks/data/eqtl_catalogue_r6/credible_sets/QTD000242.credible_sets.tsv.gz
QTD000243	eQTL	/disks/data/eqtl_catalogue_r6/credible_sets/QTD000243.credible_sets.tsv.gz
QTD000244	eQTL	/disks/data/eqtl_catalogue_r6/credible_sets/QTD000244.credible_sets.tsv.gz
QTD000245	sQTL	/disks/data/eqtl_catalogue_r6/credible_sets/QTD000245.credible_sets.tsv.gz
QTD000246	eQTL	/disks/data/eqtl_catalogue_r6/credible_sets/QTD000246.credible_sets.tsv.gz
QTD000247	eQTL	/disks/data/eqtl_catalogue_r6/credible_sets/QTD000247.credible_sets.tsv.gz
QTD000248	eQTL	/disks/data/eqtl_catalogue_r6/credible_sets/QTD000248.credible_sets.tsv.gz
QTD000249	eQTL	/disks/data/eqtl_catalogue_r6/credible_sets/QTD000249.credible_sets.tsv.gz
QTD000250	sQTL	/disks/data/eqtl_catalogue_r6/credible_sets/QTD000250.credible_sets.tsv.gz
QTD000251	eQTL	/disks/data/eqtl_catalogue_r6/credible_sets/QTD000251.credible_sets.tsv.gz
QTD000252	eQTL	/disks/data/eqtl_catalogue_r6/credible_sets/QTD000252.credible_sets.tsv.gz
QTD000253	eQTL	/disks/data/eqtl_catalogue_r6/credible_sets/QTD000253.credible_sets.tsv.gz
QTD000254	eQTL	/disks/data/eqtl_catalogue_r6/credible_sets/QTD000254.credible_sets.tsv.gz
QTD000255	sQTL	/disks/data/eqtl_catalogue_r6/credible_sets/QTD000255.credible_sets.tsv.gz
QTD000256	eQTL	/disks/data/eqtl_catalogue_r6/credible_sets/QTD000256.credible_sets.tsv.gz
QTD000257	eQTL	/disks/data/eqtl_catalogue_r6/credible_sets/QTD000257.credible_sets.tsv.gz
QTD000258	eQTL	/disks/data/eqtl_catalogue_r6/credible_sets/QTD000258.credible_sets.tsv.gz
QTD000259	eQTL	/disks/data/eqtl_catalogue_r6/credible_sets/QTD000259.credible_sets.tsv.gz
QTD000260	sQTL	/disks/data/eqtl_catalogue_r6/credible_sets/QTD000260.credible_sets.tsv.gz
QTD000261	eQTL	/disks/data/eqtl_catalogue_r6/credible_sets/QTD000261.credible_sets.tsv.gz
QTD000262	eQTL	/disks/data/eqtl_catalogue_r6/credible_sets/QTD000262.credible_sets.tsv.gz
QTD000263	eQTL	/disks/data/eqtl_catalogue_r6/credible_sets/QTD000263.credible_sets.tsv.gz
QTD000264	eQTL	/disks/data/eqtl_catalogue_r6/credible_sets/QTD000264.credible_sets.tsv.gz
QTD000265	sQTL	/disks/data/eqtl_catalogue_r6/credible_sets/QTD000265.credible_sets.tsv.gz
QTD000266	eQTL	/disks/data/eqtl_catalogue_r6/credible_sets/QTD000266.credible_sets.tsv.gz
QTD000267	eQTL	/disks/data/eqtl_catalogue_r6/credible_sets/QTD000267.credible_sets.tsv.gz
QTD000268	eQTL	/disks/data/eqtl_catalogue_r6/credible_sets/QTD000268.credible_sets.tsv.gz
QTD000269	eQTL	/disks/data/eqtl_catalogue_r6/credible_sets/QTD000269.credible_sets.tsv.gz
QTD000270	sQTL	/disks/data/eqtl_catalogue_r6/credible_sets/QTD000270.credible_sets.tsv.gz
QTD000271	eQTL	/disks/data/eqtl_catalogue_r6/credible_sets/QTD000271.credible_sets.tsv.gz
QTD000272	eQTL	/disks/data/eqtl_catalogue_r6/credible_sets/QTD000272.credible_sets.tsv.gz
QTD000273	eQTL	/disks/data/eqtl_catalogue_r6/credible_sets/QTD000273.credible_sets.tsv.gz
QTD000274	eQTL	/disks/data/eqtl_catalogue_r6/credible_sets/QTD000274.credible_sets.tsv.gz
QTD000275	sQTL	/disks/data/eqtl_catalogue_r6/credible_sets/QTD000275.credible_sets.tsv.gz
QTD000276	eQTL	/disks/data/eqtl_catalogue_r6/credible_sets/QTD000276.credible_sets.tsv.gz
QTD000277	eQTL	/disks/data/eqtl_catalogue_r6/credible_sets/QTD000277.credible_sets.tsv.gz
QTD000278	eQTL	/disks/data/eqtl_catalogue_r6/credible_sets/QTD000278.credible_sets.tsv.gz
QTD000279	eQTL	/disks/data/eqtl_catalogue_r6/credible_sets/QTD000279.credible_sets.tsv.gz
QTD000280	sQTL	/disks/data/eqtl_catalogue_r6/credible_sets/QTD000280.credible_sets.tsv.gz
QTD000281	eQTL	/disks/data/eqtl_catalogue_r6/credible_sets/QTD000281.credible_sets.tsv.gz
QTD000282	eQTL	/disks/data/eqtl_catalogue_r6/credible_sets/QTD000282.credible_sets.tsv.gz
QTD000283	eQTL	/disks/data/eqtl_catalogue_r6/credible_sets/QTD000283.credible_sets.tsv.gz
QTD000284	eQTL	/disks/data/eqtl_catalogue_r6/credible_sets/QTD000284.credible_sets.tsv.gz
QTD000285	sQTL	/disks/data/eqtl_catalogue_r6/credible_sets/QTD000285.credible_sets.tsv.gz
QTD000286	eQTL	/disks/data/eqtl_catalogue_r6/credible_sets/QTD000286.credible_sets.tsv.gz
QTD000287	eQTL	/disks/data/eqtl_catalogue_r6/credible_sets/QTD000287.credible_sets.tsv.gz
QTD000288	eQTL	/disks/data/eqtl_catalogue_r6/credible_sets/QTD000288.credible_sets.tsv.gz
QTD000289	eQTL	/disks/data/eqtl_catalogue_r6/credible_sets/QTD000289.credible_sets.tsv.gz
QTD000290	sQTL	/disks/data/eqtl_catalogue_r6/credible_sets/QTD000290.credible_sets.tsv.gz
QTD000291	eQTL	/disks/data/eqtl_catalogue_r6/credible_sets/QTD000291.credible_sets.tsv.gz
QTD000292	eQTL	/disks/data/eqtl_catalogue_r6/credible_sets/QTD000292.credible_sets.tsv.gz
QTD000293	eQTL	/disks/data/eqtl_catalogue_r6/credible_sets/QTD000293.credible_sets.tsv.gz
QTD000294	eQTL	/disks/data/eqtl_catalogue_r6/credible_sets/QTD000294.credible_sets.tsv.gz
QTD000295	sQTL	/disks/data/eqtl_catalogue_r6/credible_sets/QTD000295.credible_sets.tsv.gz
QTD000296	eQTL	/disks/data/eqtl_catalogue_r6/credible_sets/QTD000296.credible_sets.tsv.gz
QTD000297	eQTL	/disks/data/eqtl_catalogue_r6/credible_sets/QTD000297.credible_sets.tsv.gz
QTD000298	eQTL	/disks/data/eqtl_catalogue_r6/credible_sets/QTD000298.credible_sets.tsv.gz
QTD000299	eQTL	/disks/data/eqtl_catalogue_r6/credible_sets/QTD000299.credible_sets.tsv.gz
QTD000300	sQTL	/disks/data/eqtl_catalogue_r6/credible_sets/QTD000300.credible_sets.tsv.gz
QTD000301	eQTL	/disks/data/eqtl_catalogue_r6/credible_sets/QTD000301.credible_sets.tsv.gz
QTD000302	eQTL	/disks/data/eqtl_catalogue_r6/credible_sets/QTD000302.credible_sets.tsv.gz
QTD000303	eQTL	/disks/data/eqtl_catalogue_r6/credible_sets/QTD000303.credible_sets.tsv.gz
QTD000304	eQTL	/disks/data/eqtl_catalogue_r6/credible_sets/QTD000304.credible_sets.tsv.gz
QTD000305	sQTL	/disks/data/eqtl_catalogue_r6/credible_sets/QTD000305.credible_sets.tsv.gz
QTD000306	eQTL	/disks/data/eqtl_catalogue_r6/credible_sets/QTD000306.credible_sets.tsv.gz
QTD000307	eQTL	/disks/data/eqtl_catalogue_r6/credible_sets/QTD000307.credible_sets.tsv.gz
QTD000308	eQTL	/disks/data/eqtl_catalogue_r6/credible_sets/QTD000308.credible_sets.tsv.gz
QTD000309	eQTL	/disks/data/eqtl_catalogue_r6/credible_sets/QTD000309.credible_sets.tsv.gz
QTD000310	sQTL	/disks/data/eqtl_catalogue_r6/credible_sets/QTD000310.credible_sets.tsv.gz
QTD000311	eQTL	/disks/data/eqtl_catalogue_r6/credible_sets/QTD000311.credible_sets.tsv.gz
QTD000312	eQTL	/disks/data/eqtl_catalogue_r6/credible_sets/QTD000312.credible_sets.tsv.gz
QTD000313	eQTL	/disks/data/eqtl_catalogue_r6/credible_sets/QTD000313.credible_sets.tsv.gz
QTD000314	eQTL	/disks/data/eqtl_catalogue_r6/credible_sets/QTD000314.credible_sets.tsv.gz
QTD000315	sQTL	/disks/data/eqtl_catalogue_r6/credible_sets/QTD000315.credible_sets.tsv.gz
QTD000316	eQTL	/disks/data/eqtl_catalogue_r6/credible_sets/QTD000316.credible_sets.tsv.gz
QTD000317	eQTL	/disks/data/eqtl_catalogue_r6/credible_sets/QTD000317.credible_sets.tsv.gz
QTD000318	eQTL	/disks/data/eqtl_catalogue_r6/credible_sets/QTD000318.credible_sets.tsv.gz
QTD000319	eQTL	/disks/data/eqtl_catalogue_r6/credible_sets/QTD000319.credible_sets.tsv.gz
QTD000320	sQTL	/disks/data/eqtl_catalogue_r6/credible_sets/QTD000320.credible_sets.tsv.gz
QTD000321	eQTL	/disks/data/eqtl_catalogue_r6/credible_sets/QTD000321.credible_sets.tsv.gz
QTD000322	eQTL	/disks/data/eqtl_catalogue_r6/credible_sets/QTD000322.credible_sets.tsv.gz
QTD000323	eQTL	/disks/data/eqtl_catalogue_r6/credible_sets/QTD000323.credible_sets.tsv.gz
QTD000324	eQTL	/disks/data/eqtl_catalogue_r6/credible_sets/QTD000324.credible_sets.tsv.gz
QTD000325	sQTL	/disks/data/eqtl_catalogue_r6/credible_sets/QTD000325.credible_sets.tsv.gz
QTD000326	eQTL	/disks/data/eqtl_catalogue_r6/credible_sets/QTD000326.credible_sets.tsv.gz
QTD000327	eQTL	/disks/data/eqtl_catalogue_r6/credible_sets/QTD000327.credible_sets.tsv.gz
QTD000328	eQTL	/disks/data/eqtl_catalogue_r6/credible_sets/QTD000328.credible_sets.tsv.gz
QTD000329	eQTL	/disks/data/eqtl_catalogue_r6/credible_sets/QTD000329.credible_sets.tsv.gz
QTD000330	sQTL	/disks/data/eqtl_catalogue_r6/credible_sets/QTD000330.credible_sets.tsv.gz
QTD000331	eQTL	/disks/data/eqtl_catalogue_r6/credible_sets/QTD000331.credible_sets.tsv.gz
QTD000332	eQTL	/disks/data/eqtl_catalogue_r6/credible_sets/QTD000332.credible_sets.tsv.gz
QTD000333	eQTL	/disks/data/eqtl_catalogue_r6/credible_sets/QTD000333.credible_sets.tsv.gz
QTD000334	eQTL	/disks/data/eqtl_catalogue_r6/credible_sets/QTD000334.credible_sets.tsv.gz
QTD000335	sQTL	/disks/data/eqtl_catalogue_r6/credible_sets/QTD000335.credible_sets.tsv.gz
QTD000336	eQTL	/disks/data/eqtl_catalogue_r6/credible_sets/QTD000336.credible_sets.tsv.gz
QTD000337	eQTL	/disks/data/eqtl_catalogue_r6/credible_sets/QTD000337.credible_sets.tsv.gz
QTD000338	eQTL	/disks/data/eqtl_catalogue_r6/credible_sets/QTD000338.credible_sets.tsv.gz
QTD000339	eQTL	/disks/data/eqtl_catalogue_r6/credible_sets/QTD000339.credible_sets.tsv.gz
QTD000340	sQTL	/disks/data/eqtl_catalogue_r6/credible_sets/QTD000340.credible_sets.tsv.gz
QTD000341	eQTL	/disks/data/eqtl_catalogue_r6/credible_sets/QTD000341.credible_sets.tsv.gz
QTD000342	eQTL	/disks/data/eqtl_catalogue_r6/credible_sets/QTD000342.credible_sets.tsv.gz
QTD000343	eQTL	/disks/data/eqtl_catalogue_r6/credible_sets/QTD000343.credible_sets.tsv.gz
QTD000344	eQTL	/disks/data/eqtl_catalogue_r6/credible_sets/QTD000344.credible_sets.tsv.gz
QTD000345	sQTL	/disks/data/eqtl_catalogue_r6/credible_sets/QTD000345.credible_sets.tsv.gz
QTD000346	eQTL	/disks/data/eqtl_catalogue_r6/credible_sets/QTD000346.credible_sets.tsv.gz
QTD000347	eQTL	/disks/data/eqtl_catalogue_r6/credible_sets/QTD000347.credible_sets.tsv.gz
QTD000348	eQTL	/disks/data/eqtl_catalogue_r6/credible_sets/QTD000348.credible_sets.tsv.gz
QTD000349	eQTL	/disks/data/eqtl_catalogue_r6/credible_sets/QTD000349.credible_sets.tsv.gz
QTD000350	sQTL	/disks/data/eqtl_catalogue_r6/credible_sets/QTD000350.credible_sets.tsv.gz
QTD000351	eQTL	/disks/data/eqtl_catalogue_r6/credible_sets/QTD000351.credible_sets.tsv.gz
QTD000352	eQTL	/disks/data/eqtl_catalogue_r6/credible_sets/QTD000352.credible_sets.tsv.gz
QTD000353	eQTL	/disks/data/eqtl_catalogue_r6/credible_sets/QTD000353.credible_sets.tsv.gz
QTD000354	eQTL	/disks/data/eqtl_catalogue_r6/credible_sets/QTD000354.credible_sets.tsv.gz
QTD000355	sQTL	/disks/data/eqtl_catalogue_r6/credible_sets/QTD000355.credible_sets.tsv.gz
QTD000356	eQTL	/disks/data/eqtl_catalogue_r6/credible_sets/QTD000356.credible_sets.tsv.gz
QTD000357	eQTL	/disks/data/eqtl_catalogue_r6/credible_sets/QTD000357.credible_sets.tsv.gz
QTD000358	eQTL	/disks/data/eqtl_catalogue_r6/credible_sets/QTD000358.credible_sets.tsv.gz
QTD000359	eQTL	/disks/data/eqtl_catalogue_r6/credible_sets/QTD000359.credible_sets.tsv.gz
QTD000360	sQTL	/disks/data/eqtl_catalogue_r6/credible_sets/QTD000360.credible_sets.tsv.gz
QTD000361	eQTL	/disks/data/eqtl_catalogue_r6/credible_sets/QTD000361.credible_sets.tsv.gz
QTD000362	eQTL	/disks/data/eqtl_catalogue_r6/credible_sets/QTD000362.credible_sets.tsv.gz
QTD000363	eQTL	/disks/data/eqtl_catalogue_r6/credible_sets/QTD000363.credible_sets.tsv.gz
QTD000364	eQTL	/disks/data/eqtl_catalogue_r6/credible_sets/QTD000364.credible_sets.tsv.gz
QTD000365	sQTL	/disks/data/eqtl_catalogue_r6/credible_sets/QTD000365.credible_sets.tsv.gz
QTD000366	eQTL	/disks/data/eqtl_catalogue_r6/credible_sets/QTD000366.credible_sets.tsv.gz
QTD000367	eQTL	/disks/data/eqtl_catalogue_r6/credible_sets/QTD000367.credible_sets.tsv.gz
QTD000368	eQTL	/disks/data/eqtl_catalogue_r6/credible_sets/QTD000368.credible_sets.tsv.gz
QTD000369	eQTL	/disks/data/eqtl_catalogue_r6/credible_sets/QTD000369.credible_sets.tsv.gz
QTD000370	sQTL	/disks/data/eqtl_catalogue_r6/credible_sets/QTD000370.credible_sets.tsv.gz
QTD000371	eQTL	/disks/data/eqtl_catalogue_r6/credible_sets/QTD000371.credible_sets.tsv.gz
QTD000372	eQTL	/disks/data/eqtl_catalogue_r6/credible_sets/QTD000372.credible_sets.tsv.gz
QTD000373	eQTL	/disks/data/eqtl_catalogue_r6/credible_sets/QTD000373.credible_sets.tsv.gz
QTD000374	eQTL	/disks/data/eqtl_catalogue_r6/credible_sets/QTD000374.credible_sets.tsv.gz
QTD000375	eQTL	/disks/data/eqtl_catalogue_r6/credible_sets/QTD000375.credible_sets.tsv.gz
QTD000376	eQTL	/disks/data/eqtl_catalogue_r6/credible_sets/QTD000376.credible_sets.tsv.gz
QTD000377	sQTL	/disks/data/eqtl_catalogue_r6/credible_sets/QTD000377.credible_sets.tsv.gz
QTD000378	eQTL	/disks/data/eqtl_catalogue_r6/credible_sets/QTD000378.credible_sets.tsv.gz
QTD000379	eQTL	/disks/data/eqtl_catalogue_r6/credible_sets/QTD000379.credible_sets.tsv.gz
QTD000380	eQTL	/disks/data/eqtl_catalogue_r6/credible_sets/QTD000380.credible_sets.tsv.gz
QTD000381	eQTL	/disks/data/eqtl_catalogue_r6/credible_sets/QTD000381.credible_sets.tsv.gz
QTD000382	eQTL	/disks/data/eqtl_catalogue_r6/credible_sets/QTD000382.credible_sets.tsv.gz
QTD000383	sQTL	/disks/data/eqtl_catalogue_r6/credible_sets/QTD000383.credible_sets.tsv.gz
QTD000384	eQTL	/disks/data/eqtl_catalogue_r6/credible_sets/QTD000384.credible_sets.tsv.gz
QTD000385	eQTL	/disks/data/eqtl_catalogue_r6/credible_sets/QTD000385.credible_sets.tsv.gz
QTD000386	eQTL	/disks/data/eqtl_catalogue_r6/credible_sets/QTD000386.credible_sets.tsv.gz
QTD000387	eQTL	/disks/data/eqtl_catalogue_r6/credible_sets/QTD000387.credible_sets.tsv.gz
QTD000388	sQTL	/disks/data/eqtl_catalogue_r6/credible_sets/QTD000388.credible_sets.tsv.gz
QTD000389	eQTL	/disks/data/eqtl_catalogue_r6/credible_sets/QTD000389.credible_sets.tsv.gz
QTD000390	eQTL	/disks/data/eqtl_catalogue_r6/credible_sets/QTD000390.credible_sets.tsv.gz
QTD000391	eQTL	/disks/data/eqtl_catalogue_r6/credible_sets/QTD000391.credible_sets.tsv.gz
QTD000392	eQTL	/disks/data/eqtl_catalogue_r6/credible_sets/QTD000392.credible_sets.tsv.gz
QTD000393	sQTL	/disks/data/eqtl_catalogue_r6/credible_sets/QTD000393.credible_sets.tsv.gz
QTD000394	eQTL	/disks/data/eqtl_catalogue_r6/credible_sets/QTD000394.credible_sets.tsv.gz
QTD000395	eQTL	/disks/data/eqtl_catalogue_r6/credible_sets/QTD000395.credible_sets.tsv.gz
QTD000396	eQTL	/disks/data/eqtl_catalogue_r6/credible_sets/QTD000396.credible_sets.tsv.gz
QTD000397	eQTL	/disks/data/eqtl_catalogue_r6/credible_sets/QTD000397.credible_sets.tsv.gz
QTD000398	sQTL	/disks/data/eqtl_catalogue_r6/credible_sets/QTD000398.credible_sets.tsv.gz
QTD000399	eQTL	/disks/data/eqtl_catalogue_r6/credible_sets/QTD000399.credible_sets.tsv.gz
QTD000400	eQTL	/disks/data/eqtl_catalogue_r6/credible_sets/QTD000400.credible_sets.tsv.gz
QTD000401	eQTL	/disks/data/eqtl_catalogue_r6/credible_sets/QTD000401.credible_sets.tsv.gz
QTD000402	eQTL	/disks/data/eqtl_catalogue_r6/credible_sets/QTD000402.credible_sets.tsv.gz
QTD000403	sQTL	/disks/data/eqtl_catalogue_r6/credible_sets/QTD000403.credible_sets.tsv.gz
QTD000404	eQTL	/disks/data/eqtl_catalogue_r6/credible_sets/QTD000404.credible_sets.tsv.gz
QTD000405	eQTL	/disks/data/eqtl_catalogue_r6/credible_sets/QTD000405.credible_sets.tsv.gz
QTD000406	eQTL	/disks/data/eqtl_catalogue_r6/credible_sets/QTD000406.credible_sets.tsv.gz
QTD000407	eQTL	/disks/data/eqtl_catalogue_r6/credible_sets/QTD000407.credible_sets.tsv.gz
QTD000408	sQTL	/disks/data/eqtl_catalogue_r6/credible_sets/QTD000408.credible_sets.tsv.gz
QTD000409	eQTL	/disks/data/eqtl_catalogue_r6/credible_sets/QTD000409.credible_sets.tsv.gz
QTD000410	eQTL	/disks/data/eqtl_catalogue_r6/credible_sets/QTD000410.credible_sets.tsv.gz
QTD000411	eQTL	/disks/data/eqtl_catalogue_r6/credible_sets/QTD000411.credible_sets.tsv.gz
QTD000412	eQTL	/disks/data/eqtl_catalogue_r6/credible_sets/QTD000412.credible_sets.tsv.gz
QTD000413	sQTL	/disks/data/eqtl_catalogue_r6/credible_sets/QTD000413.credible_sets.tsv.gz
QTD000414	eQTL	/disks/data/eqtl_catalogue_r6/credible_sets/QTD000414.credible_sets.tsv.gz
QTD000415	eQTL	/disks/data/eqtl_catalogue_r6/credible_sets/QTD000415.credible_sets.tsv.gz
QTD000416	eQTL	/disks/data/eqtl_catalogue_r6/credible_sets/QTD000416.credible_sets.tsv.gz
QTD000417	eQTL	/disks/data/eqtl_catalogue_r6/credible_sets/QTD000417.credible_sets.tsv.gz
QTD000418	sQTL	/disks/data/eqtl_catalogue_r6/credible_sets/QTD000418.credible_sets.tsv.gz
QTD000419	eQTL	/disks/data/eqtl_catalogue_r6/credible_sets/QTD000419.credible_sets.tsv.gz
QTD000420	eQTL	/disks/data/eqtl_catalogue_r6/credible_sets/QTD000420.credible_sets.tsv.gz
QTD000421	eQTL	/disks/data/eqtl_catalogue_r6/credible_sets/QTD000421.credible_sets.tsv.gz
QTD000422	eQTL	/disks/data/eqtl_catalogue_r6/credible_sets/QTD000422.credible_sets.tsv.gz
QTD000423	sQTL	/disks/data/eqtl_catalogue_r6/credible_sets/QTD000423.credible_sets.tsv.gz
QTD000424	eQTL	/disks/data/eqtl_catalogue_r6/credible_sets/QTD000424.credible_sets.tsv.gz
QTD000425	eQTL	/disks/data/eqtl_catalogue_r6/credible_sets/QTD000425.credible_sets.tsv.gz
QTD000426	eQTL	/disks/data/eqtl_catalogue_r6/credible_sets/QTD000426.credible_sets.tsv.gz
QTD000427	eQTL	/disks/data/eqtl_catalogue_r6/credible_sets/QTD000427.credible_sets.tsv.gz
QTD000428	sQTL	/disks/data/eqtl_catalogue_r6/credible_sets/QTD000428.credible_sets.tsv.gz
QTD000429	eQTL	/disks/data/eqtl_catalogue_r6/credible_sets/QTD000429.credible_sets.tsv.gz
QTD000430	eQTL	/disks/data/eqtl_catalogue_r6/credible_sets/QTD000430.credible_sets.tsv.gz
QTD000431	eQTL	/disks/data/eqtl_catalogue_r6/credible_sets/QTD000431.credible_sets.tsv.gz
QTD000432	eQTL	/disks/data/eqtl_catalogue_r6/credible_sets/QTD000432.credible_sets.tsv.gz
QTD000433	sQTL	/disks/data/eqtl_catalogue_r6/credible_sets/QTD000433.credible_sets.tsv.gz
QTD000434	eQTL	/disks/data/eqtl_catalogue_r6/credible_sets/QTD000434.credible_sets.tsv.gz
QTD000435	eQTL	/disks/data/eqtl_catalogue_r6/credible_sets/QTD000435.credible_sets.tsv.gz
QTD000436	eQTL	/disks/data/eqtl_catalogue_r6/credible_sets/QTD000436.credible_sets.tsv.gz
QTD000437	eQTL	/disks/data/eqtl_catalogue_r6/credible_sets/QTD000437.credible_sets.tsv.gz
QTD000438	sQTL	/disks/data/eqtl_catalogue_r6/credible_sets/QTD000438.credible_sets.tsv.gz
QTD000439	eQTL	/disks/data/eqtl_catalogue_r6/credible_sets/QTD000439.credible_sets.tsv.gz
QTD000440	eQTL	/disks/data/eqtl_catalogue_r6/credible_sets/QTD000440.credible_sets.tsv.gz
QTD000441	eQTL	/disks/data/eqtl_catalogue_r6/credible_sets/QTD000441.credible_sets.tsv.gz
QTD000442	eQTL	/disks/data/eqtl_catalogue_r6/credible_sets/QTD000442.credible_sets.tsv.gz
QTD000443	sQTL	/disks/data/eqtl_catalogue_r6/credible_sets/QTD000443.credible_sets.tsv.gz
QTD000444	eQTL	/disks/data/eqtl_catalogue_r6/credible_sets/QTD000444.credible_sets.tsv.gz
QTD000445	eQTL	/disks/data/eqtl_catalogue_r6/credible_sets/QTD000445.credible_sets.tsv.gz
QTD000446	eQTL	/disks/data/eqtl_catalogue_r6/credible_sets/QTD000446.credible_sets.tsv.gz
QTD000447	eQTL	/disks/data/eqtl_catalogue_r6/credible_sets/QTD000447.credible_sets.tsv.gz
QTD000448	sQTL	/disks/data/eqtl_catalogue_r6/credible_sets/QTD000448.credible_sets.tsv.gz
QTD000449	eQTL	/disks/data/eqtl_catalogue_r6/credible_sets/QTD000449.credible_sets.tsv.gz
QTD000450	eQTL	/disks/data/eqtl_catalogue_r6/credible_sets/QTD000450.credible_sets.tsv.gz
QTD000451	eQTL	/disks/data/eqtl_catalogue_r6/credible_sets/QTD000451.credible_sets.tsv.gz
QTD000452	eQTL	/disks/data/eqtl_catalogue_r6/credible_sets/QTD000452.credible_sets.tsv.gz
QTD000453	sQTL	/disks/data/eqtl_catalogue_r6/credible_sets/QTD000453.credible_sets.tsv.gz
QTD000454	eQTL	/disks/data/eqtl_catalogue_r6/credible_sets/QTD000454.credible_sets.tsv.gz
QTD000455	eQTL	/disks/data/eqtl_catalogue_r6/credible_sets/QTD000455.credible_sets.tsv.gz
QTD000456	eQTL	/disks/data/eqtl_catalogue_r6/credible_sets/QTD000456.credible_sets.tsv.gz
QTD000457	eQTL	/disks/data/eqtl_catalogue_r6/credible_sets/QTD000457.credible_sets.tsv.gz
QTD000458	sQTL	/disks/data/eqtl_catalogue_r6/credible_sets/QTD000458.credible_sets.tsv.gz
QTD000459	eQTL	/disks/data/eqtl_catalogue_r6/credible_sets/QTD000459.credible_sets.tsv.gz
QTD000460	eQTL	/disks/data/eqtl_catalogue_r6/credible_sets/QTD000460.credible_sets.tsv.gz
QTD000461	eQTL	/disks/data/eqtl_catalogue_r6/credible_sets/QTD000461.credible_sets.tsv.gz
QTD000462	eQTL	/disks/data/eqtl_catalogue_r6/credible_sets/QTD000462.credible_sets.tsv.gz
QTD000463	sQTL	/disks/data/eqtl_catalogue_r6/credible_sets/QTD000463.credible_sets.tsv.gz
QTD000464	eQTL	/disks/data/eqtl_catalogue_r6/credible_sets/QTD000464.credible_sets.tsv.gz
QTD000465	eQTL	/disks/data/eqtl_catalogue_r6/credible_sets/QTD000465.credible_sets.tsv.gz
QTD000466	eQTL	/disks/data/eqtl_catalogue_r6/credible_sets/QTD000466.credible_sets.tsv.gz
QTD000467	eQTL	/disks/data/eqtl_catalogue_r6/credible_sets/QTD000467.credible_sets.tsv.gz
QTD000468	sQTL	/disks/data/eqtl_catalogue_r6/credible_sets/QTD000468.credible_sets.tsv.gz
QTD000469	eQTL	/disks/data/eqtl_catalogue_r6/credible_sets/QTD000469.credible_sets.tsv.gz
QTD000470	eQTL	/disks/data/eqtl_catalogue_r6/credible_sets/QTD000470.credible_sets.tsv.gz
QTD000471	eQTL	/disks/data/eqtl_catalogue_r6/credible_sets/QTD000471.credible_sets.tsv.gz
QTD000472	eQTL	/disks/data/eqtl_catalogue_r6/credible_sets/QTD000472.credible_sets.tsv.gz
QTD000473	sQTL	/disks/data/eqtl_catalogue_r6/credible_sets/QTD000473.credible_sets.tsv.gz
QTD000474	eQTL	/disks/data/eqtl_catalogue_r6/credible_sets/QTD000474.credible_sets.tsv.gz
QTD000475	eQTL	/disks/data/eqtl_catalogue_r6/credible_sets/QTD000475.credible_sets.tsv.gz
QTD000476	eQTL	/disks/data/eqtl_catalogue_r6/credible_sets/QTD000476.credible_sets.tsv.gz
QTD000477	eQTL	/disks/data/eqtl_catalogue_r6/credible_sets/QTD000477.credible_sets.tsv.gz
QTD000478	sQTL	/disks/data/eqtl_catalogue_r6/credible_sets/QTD000478.credible_sets.tsv.gz
QTD000479	eQTL	/disks/data/eqtl_catalogue_r6/credible_sets/QTD000479.credible_sets.tsv.gz
QTD000480	eQTL	/disks/data/eqtl_catalogue_r6/credible_sets/QTD000480.credible_sets.tsv.gz
QTD000481	eQTL	/disks/data/eqtl_catalogue_r6/credible_sets/QTD000481.credible_sets.tsv.gz
QTD000482	eQTL	/disks/data/eqtl_catalogue_r6/credible_sets/QTD000482.credible_sets.tsv.gz
QTD000483	sQTL	/disks/data/eqtl_catalogue_r6/credible_sets/QTD000483.credible_sets.tsv.gz
QTD000484	eQTL	/disks/data/eqtl_catalogue_r6/credible_sets/QTD000484.credible_sets.tsv.gz
QTD000485	eQTL	/disks/data/eqtl_catalogue_r6/credible_sets/QTD000485.credible_sets.tsv.gz
QTD000486	eQTL	/disks/data/eqtl_catalogue_r6/credible_sets/QTD000486.credible_sets.tsv.gz
QTD000487	eQTL	/disks/data/eqtl_catalogue_r6/credible_sets/QTD000487.credible_sets.tsv.gz
QTD000488	sQTL	/disks/data/eqtl_catalogue_r6/credible_sets/QTD000488.credible_sets.tsv.gz
QTD000489	eQTL	/disks/data/eqtl_catalogue_r6/credible_sets/QTD000489.credible_sets.tsv.gz
QTD000490	eQTL	/disks/data/eqtl_catalogue_r6/credible_sets/QTD000490.credible_sets.tsv.gz
QTD000491	eQTL	/disks/data/eqtl_catalogue_r6/credible_sets/QTD000491.credible_sets.tsv.gz
QTD000492	eQTL	/disks/data/eqtl_catalogue_r6/credible_sets/QTD000492.credible_sets.tsv.gz
QTD000493	sQTL	/disks/data/eqtl_catalogue_r6/credible_sets/QTD000493.credible_sets.tsv.gz
QTD000494	eQTL	/disks/data/eqtl_catalogue_r6/credible_sets/QTD000494.credible_sets.tsv.gz
QTD000495	eQTL	/disks/data/eqtl_catalogue_r6/credible_sets/QTD000495.credible_sets.tsv.gz
QTD000496	eQTL	/disks/data/eqtl_catalogue_r6/credible_sets/QTD000496.credible_sets.tsv.gz
QTD000497	eQTL	/disks/data/eqtl_catalogue_r6/credible_sets/QTD000497.credible_sets.tsv.gz
QTD000498	sQTL	/disks/data/eqtl_catalogue_r6/credible_sets/QTD000498.credible_sets.tsv.gz
QTD000499	eQTL	/disks/data/eqtl_catalogue_r6/credible_sets/QTD000499.credible_sets.tsv.gz
QTD000500	eQTL	/disks/data/eqtl_catalogue_r6/credible_sets/QTD000500.credible_sets.tsv.gz
QTD000501	eQTL	/disks/data/eqtl_catalogue_r6/credible_sets/QTD000501.credible_sets.tsv.gz
QTD000502	eQTL	/disks/data/eqtl_catalogue_r6/credible_sets/QTD000502.credible_sets.tsv.gz
QTD000503	sQTL	/disks/data/eqtl_catalogue_r6/credible_sets/QTD000503.credible_sets.tsv.gz
QTD000504	eQTL	/disks/data/eqtl_catalogue_r6/credible_sets/QTD000504.credible_sets.tsv.gz
QTD000505	eQTL	/disks/data/eqtl_catalogue_r6/credible_sets/QTD000505.credible_sets.tsv.gz
QTD000506	eQTL	/disks/data/eqtl_catalogue_r6/credible_sets/QTD000506.credible_sets.tsv.gz
QTD000507	eQTL	/disks/data/eqtl_catalogue_r6/credible_sets/QTD000507.credible_sets.tsv.gz
QTD000508	sQTL	/disks/data/eqtl_catalogue_r6/credible_sets/QTD000508.credible_sets.tsv.gz
QTD000509	eQTL	/disks/data/eqtl_catalogue_r6/credible_sets/QTD000509.credible_sets.tsv.gz
QTD000510	eQTL	/disks/data/eqtl_catalogue_r6/credible_sets/QTD000510.credible_sets.tsv.gz
QTD000511	eQTL	/disks/data/eqtl_catalogue_r6/credible_sets/QTD000511.credible_sets.tsv.gz
QTD000512	eQTL	/disks/data/eqtl_catalogue_r6/credible_sets/QTD000512.credible_sets.tsv.gz
QTD000513	sQTL	/disks/data/eqtl_catalogue_r6/credible_sets/QTD000513.credible_sets.tsv.gz
QTD000514	eQTL	/disks/data/eqtl_catalogue_r6/credible_sets/QTD000514.credible_sets.tsv.gz
QTD000515	eQTL	/disks/data/eqtl_catalogue_r6/credible_sets/QTD000515.credible_sets.tsv.gz
QTD000516	eQTL	/disks/data/eqtl_catalogue_r6/credible_sets/QTD000516.credible_sets.tsv.gz
QTD000517	eQTL	/disks/data/eqtl_catalogue_r6/credible_sets/QTD000517.credible_sets.tsv.gz
QTD000518	sQTL	/disks/data/eqtl_catalogue_r6/credible_sets/QTD000518.credible_sets.tsv.gz
QTD000519	eQTL	/disks/data/eqtl_catalogue_r6/credible_sets/QTD000519.credible_sets.tsv.gz
QTD000520	eQTL	/disks/data/eqtl_catalogue_r6/credible_sets/QTD000520.credible_sets.tsv.gz
QTD000521	eQTL	/disks/data/eqtl_catalogue_r6/credible_sets/QTD000521.credible_sets.tsv.gz
QTD000522	eQTL	/disks/data/eqtl_catalogue_r6/credible_sets/QTD000522.credible_sets.tsv.gz
QTD000523	sQTL	/disks/data/eqtl_catalogue_r6/credible_sets/QTD000523.credible_sets.tsv.gz
QTD000524	eQTL	/disks/data/eqtl_catalogue_r6/credible_sets/QTD000524.credible_sets.tsv.gz
QTD000525	eQTL	/disks/data/eqtl_catalogue_r6/credible_sets/QTD000525.credible_sets.tsv.gz
QTD000526	eQTL	/disks/data/eqtl_catalogue_r6/credible_sets/QTD000526.credible_sets.tsv.gz
QTD000527	eQTL	/disks/data/eqtl_catalogue_r6/credible_sets/QTD000527.credible_sets.tsv.gz
QTD000528	sQTL	/disks/data/eqtl_catalogue_r6/credible_sets/QTD000528.credible_sets.tsv.gz
QTD000529	eQTL	/disks/data/eqtl_catalogue_r6/credible_sets/QTD000529.credible_sets.tsv.gz
QTD000530	eQTL	/disks/data/eqtl_catalogue_r6/credible_sets/QTD000530.credible_sets.tsv.gz
QTD000531	eQTL	/disks/data/eqtl_catalogue_r6/credible_sets/QTD000531.credible_sets.tsv.gz
QTD000532	eQTL	/disks/data/eqtl_catalogue_r6/credible_sets/QTD000532.credible_sets.tsv.gz
QTD000533	sQTL	/disks/data/eqtl_catalogue_r6/credible_sets/QTD000533.credible_sets.tsv.gz
QTD000534	eQTL	/disks/data/eqtl_catalogue_r6/credible_sets/QTD000534.credible_sets.tsv.gz
QTD000535	eQTL	/disks/data/eqtl_catalogue_r6/credible_sets/QTD000535.credible_sets.tsv.gz
QTD000536	eQTL	/disks/data/eqtl_catalogue_r6/credible_sets/QTD000536.credible_sets.tsv.gz
QTD000537	eQTL	/disks/data/eqtl_catalogue_r6/credible_sets/QTD000537.credible_sets.tsv.gz
QTD000538	sQTL	/disks/data/eqtl_catalogue_r6/credible_sets/QTD000538.credible_sets.tsv.gz
QTD000539	eQTL	/disks/data/eqtl_catalogue_r6/credible_sets/QTD000539.credible_sets.tsv.gz
QTD000540	eQTL	/disks/data/eqtl_catalogue_r6/credible_sets/QTD000540.credible_sets.tsv.gz
QTD000541	eQTL	/disks/data/eqtl_catalogue_r6/credible_sets/QTD000541.credible_sets.tsv.gz
QTD000542	eQTL	/disks/data/eqtl_catalogue_r6/credible_sets/QTD000542.credible_sets.tsv.gz
QTD000543	sQTL	/disks/data/eqtl_catalogue_r6/credible_sets/QTD000543.credible_sets.tsv.gz
QTD000544	eQTL	/disks/data/eqtl_catalogue_r6/credible_sets/QTD000544.credible_sets.tsv.gz
QTD000545	eQTL	/disks/data/eqtl_catalogue_r6/credible_sets/QTD000545.credible_sets.tsv.gz
QTD000546	eQTL	/disks/data/eqtl_catalogue_r6/credible_sets/QTD000546.credible_sets.tsv.gz
QTD000547	eQTL	/disks/data/eqtl_catalogue_r6/credible_sets/QTD000547.credible_sets.tsv.gz
QTD000548	sQTL	/disks/data/eqtl_catalogue_r6/credible_sets/QTD000548.credible_sets.tsv.gz
QTD000549	eQTL	/disks/data/eqtl_catalogue_r6/credible_sets/QTD000549.credible_sets.tsv.gz
QTD000550	eQTL	/disks/data/eqtl_catalogue_r6/credible_sets/QTD000550.credible_sets.tsv.gz
QTD000551	eQTL	/disks/data/eqtl_catalogue_r6/credible_sets/QTD000551.credible_sets.tsv.gz
QTD000552	eQTL	/disks/data/eqtl_catalogue_r6/credible_sets/QTD000552.credible_sets.tsv.gz
QTD000553	sQTL	/disks/data/eqtl_catalogue_r6/credible_sets/QTD000553.credible_sets.tsv.gz
QTD000554	eQTL	/disks/data/eqtl_catalogue_r6/credible_sets/QTD000554.credible_sets.tsv.gz
QTD000555	eQTL	/disks/data/eqtl_catalogue_r6/credible_sets/QTD000555.credible_sets.tsv.gz
QTD000556	eQTL	/disks/data/eqtl_catalogue_r6/credible_sets/QTD000556.credible_sets.tsv.gz
QTD000557	eQTL	/disks/data/eqtl_catalogue_r6/credible_sets/QTD000557.credible_sets.tsv.gz
QTD000558	sQTL	/disks/data/eqtl_catalogue_r6/credible_sets/QTD000558.credible_sets.tsv.gz
QTD000559	eQTL	/disks/data/eqtl_catalogue_r6/credible_sets/QTD000559.credible_sets.tsv.gz
QTD000560	eQTL	/disks/data/eqtl_catalogue_r6/credible_sets/QTD000560.credible_sets.tsv.gz
QTD000561	eQTL	/disks/data/eqtl_catalogue_r6/credible_sets/QTD000561.credible_sets.tsv.gz
QTD000562	eQTL	/disks/data/eqtl_catalogue_r6/credible_sets/QTD000562.credible_sets.tsv.gz
QTD000563	sQTL	/disks/data/eqtl_catalogue_r6/credible_sets/QTD000563.credible_sets.tsv.gz
QTD000584	pQTL	/disks/data/eqtl_catalogue_r6/credible_sets/QTD000584.credible_sets.tsv.gz
