QTD000001	eQTL	gs://finngen-commons/eqtl_catalogue/r6/sumstats/QTD000001.all.tsv.gz
QTD000002	eQTL	gs://finngen-commons/eqtl_catalogue/r6/sumstats/QTD000002.cc.tsv.gz
QTD000003	eQTL	gs://finngen-commons/eqtl_catalogue/r6/sumstats/QTD000003.cc.tsv.gz
QTD000004	eQTL	gs://finngen-commons/eqtl_catalogue/r6/sumstats/QTD000004.cc.tsv.gz
QTD000005	sQTL	gs://finngen-commons/eqtl_catalogue/r6/sumstats/QTD000005.cc.tsv.gz
QTD000006	eQTL	gs://finngen-commons/eqtl_catalogue/r6/sumstats/QTD000006.all.tsv.gz
QTD000007	eQTL	gs://finngen-commons/eqtl_catalogue/r6/sumstats/QTD000007.cc.tsv.gz
QTD000008	eQTL	gs://finngen-commons/eqtl_catalogue/r6/sumstats/QTD000008.cc.tsv.gz
QTD000009	eQTL	gs://finngen-commons/eqtl_catalogue/r6/sumstats/QTD000009.cc.tsv.gz
QTD000010	sQTL	gs://finngen-commons/eqtl_catalogue/r6/sumstats/QTD000010.cc.tsv.gz
QTD000011	eQTL	gs://finngen-commons/eqtl_catalogue/r6/sumstats/QTD000011.all.tsv.gz
QTD000012	eQTL	gs://finngen-commons/eqtl_catalogue/r6/sumstats/QTD000012.cc.tsv.gz
QTD000013	eQTL	gs://finngen-commons/eqtl_catalogue/r6/sumstats/QTD000013.cc.tsv.gz
QTD000014	eQTL	gs://finngen-commons/eqtl_catalogue/r6/sumstats/QTD000014.cc.tsv.gz
QTD000015	sQTL	gs://finngen-commons/eqtl_catalogue/r6/sumstats/QTD000015.cc.tsv.gz
QTD000016	eQTL	gs://finngen-commons/eqtl_catalogue/r6/sumstats/QTD000016.all.tsv.gz
QTD000017	eQTL	gs://finngen-commons/eqtl_catalogue/r6/sumstats/QTD000017.cc.tsv.gz
QTD000018	eQTL	gs://finngen-commons/eqtl_catalogue/r6/sumstats/QTD000018.cc.tsv.gz
QTD000019	eQTL	gs://finngen-commons/eqtl_catalogue/r6/sumstats/QTD000019.cc.tsv.gz
QTD000020	sQTL	gs://finngen-commons/eqtl_catalogue/r6/sumstats/QTD000020.cc.tsv.gz
QTD000021	eQTL	gs://finngen-commons/eqtl_catalogue/r6/sumstats/QTD000021.all.tsv.gz
QTD000022	eQTL	gs://finngen-commons/eqtl_catalogue/r6/sumstats/QTD000022.cc.tsv.gz
QTD000023	eQTL	gs://finngen-commons/eqtl_catalogue/r6/sumstats/QTD000023.cc.tsv.gz
QTD000024	eQTL	gs://finngen-commons/eqtl_catalogue/r6/sumstats/QTD000024.cc.tsv.gz
QTD000025	sQTL	gs://finngen-commons/eqtl_catalogue/r6/sumstats/QTD000025.cc.tsv.gz
QTD000026	eQTL	gs://finngen-commons/eqtl_catalogue/r6/sumstats/QTD000026.all.tsv.gz
QTD000027	eQTL	gs://finngen-commons/eqtl_catalogue/r6/sumstats/QTD000027.cc.tsv.gz
QTD000028	eQTL	gs://finngen-commons/eqtl_catalogue/r6/sumstats/QTD000028.cc.tsv.gz
QTD000029	eQTL	gs://finngen-commons/eqtl_catalogue/r6/sumstats/QTD000029.cc.tsv.gz
QTD000030	sQTL	gs://finngen-commons/eqtl_catalogue/r6/sumstats/QTD000030.cc.tsv.gz
QTD000031	eQTL	gs://finngen-commons/eqtl_catalogue/r6/sumstats/QTD000031.all.tsv.gz
QTD000032	eQTL	gs://finngen-commons/eqtl_catalogue/r6/sumstats/QTD000032.cc.tsv.gz
QTD000033	eQTL	gs://finngen-commons/eqtl_catalogue/r6/sumstats/QTD000033.cc.tsv.gz
QTD000034	eQTL	gs://finngen-commons/eqtl_catalogue/r6/sumstats/QTD000034.cc.tsv.gz
QTD000035	sQTL	gs://finngen-commons/eqtl_catalogue/r6/sumstats/QTD000035.cc.tsv.gz
QTD000036	eQTL	gs://finngen-commons/eqtl_catalogue/r6/sumstats/QTD000036.all.tsv.gz
QTD000037	eQTL	gs://finngen-commons/eqtl_catalogue/r6/sumstats/QTD000037.cc.tsv.gz
QTD000038	eQTL	gs://finngen-commons/eqtl_catalogue/r6/sumstats/QTD000038.cc.tsv.gz
QTD000039	eQTL	gs://finngen-commons/eqtl_catalogue/r6/sumstats/QTD000039.cc.tsv.gz
QTD000040	sQTL	gs://finngen-commons/eqtl_catalogue/r6/sumstats/QTD000040.cc.tsv.gz
QTD000041	eQTL	gs://finngen-commons/eqtl_catalogue/r6/sumstats/QTD000041.all.tsv.gz
QTD000042	eQTL	gs://finngen-commons/eqtl_catalogue/r6/sumstats/QTD000042.cc.tsv.gz
QTD000043	eQTL	gs://finngen-commons/eqtl_catalogue/r6/sumstats/QTD000043.cc.tsv.gz
QTD000044	eQTL	gs://finngen-commons/eqtl_catalogue/r6/sumstats/QTD000044.cc.tsv.gz
QTD000045	sQTL	gs://finngen-commons/eqtl_catalogue/r6/sumstats/QTD000045.cc.tsv.gz
QTD000046	eQTL	gs://finngen-commons/eqtl_catalogue/r6/sumstats/QTD000046.all.tsv.gz
QTD000047	eQTL	gs://finngen-commons/eqtl_catalogue/r6/sumstats/QTD000047.cc.tsv.gz
QTD000048	eQTL	gs://finngen-commons/eqtl_catalogue/r6/sumstats/QTD000048.cc.tsv.gz
QTD000049	eQTL	gs://finngen-commons/eqtl_catalogue/r6/sumstats/QTD000049.cc.tsv.gz
QTD000050	sQTL	gs://finngen-commons/eqtl_catalogue/r6/sumstats/QTD000050.cc.tsv.gz
QTD000051	eQTL	gs://finngen-commons/eqtl_catalogue/r6/sumstats/QTD000051.all.tsv.gz
QTD000052	eQTL	gs://finngen-commons/eqtl_catalogue/r6/sumstats/QTD000052.cc.tsv.gz
QTD000053	eQTL	gs://finngen-commons/eqtl_catalogue/r6/sumstats/QTD000053.cc.tsv.gz
QTD000054	eQTL	gs://finngen-commons/eqtl_catalogue/r6/sumstats/QTD000054.cc.tsv.gz
QTD000055	sQTL	gs://finngen-commons/eqtl_catalogue/r6/sumstats/QTD000055.cc.tsv.gz
QTD000056	eQTL	gs://finngen-commons/eqtl_catalogue/r6/sumstats/QTD000056.all.tsv.gz
QTD000057	eQTL	gs://finngen-commons/eqtl_catalogue/r6/sumstats/QTD000057.cc.tsv.gz
QTD000058	eQTL	gs://finngen-commons/eqtl_catalogue/r6/sumstats/QTD000058.cc.tsv.gz
QTD000059	eQTL	gs://finngen-commons/eqtl_catalogue/r6/sumstats/QTD000059.cc.tsv.gz
QTD000060	sQTL	gs://finngen-commons/eqtl_catalogue/r6/sumstats/QTD000060.cc.tsv.gz
QTD000061	eQTL	gs://finngen-commons/eqtl_catalogue/r6/sumstats/QTD000061.all.tsv.gz
QTD000062	eQTL	gs://finngen-commons/eqtl_catalogue/r6/sumstats/QTD000062.cc.tsv.gz
QTD000063	eQTL	gs://finngen-commons/eqtl_catalogue/r6/sumstats/QTD000063.cc.tsv.gz
QTD000064	eQTL	gs://finngen-commons/eqtl_catalogue/r6/sumstats/QTD000064.cc.tsv.gz
QTD000065	sQTL	gs://finngen-commons/eqtl_catalogue/r6/sumstats/QTD000065.cc.tsv.gz
QTD000066	eQTL	gs://finngen-commons/eqtl_catalogue/r6/sumstats/QTD000066.all.tsv.gz
QTD000067	eQTL	gs://finngen-commons/eqtl_catalogue/r6/sumstats/QTD000067.all.tsv.gz
QTD000068	eQTL	gs://finngen-commons/eqtl_catalogue/r6/sumstats/QTD000068.all.tsv.gz
QTD000069	eQTL	gs://finngen-commons/eqtl_catalogue/r6/sumstats/QTD000069.all.tsv.gz
QTD000070	eQTL	gs://finngen-commons/eqtl_catalogue/r6/sumstats/QTD000070.all.tsv.gz
QTD000071	eQTL	gs://finngen-commons/eqtl_catalogue/r6/sumstats/QTD000071.all.tsv.gz
QTD000072	eQTL	gs://finngen-commons/eqtl_catalogue/r6/sumstats/QTD000072.all.tsv.gz
QTD000073	eQTL	gs://finngen-commons/eqtl_catalogue/r6/sumstats/QTD000073.all.tsv.gz
QTD000074	eQTL	gs://finngen-commons/eqtl_catalogue/r6/sumstats/QTD000074.all.tsv.gz
QTD000075	eQTL	gs://finngen-commons/eqtl_catalogue/r6/sumstats/QTD000075.all.tsv.gz
QTD000076	eQTL	gs://finngen-commons/eqtl_catalogue/r6/sumstats/QTD000076.cc.tsv.gz
QTD000077	eQTL	gs://finngen-commons/eqtl_catalogue/r6/sumstats/QTD000077.cc.tsv.gz
QTD000078	eQTL	gs://finngen-commons/eqtl_catalogue/r6/sumstats/QTD000078.cc.tsv.gz
QTD000079	sQTL	gs://finngen-commons/eqtl_catalogue/r6/sumstats/QTD000079.cc.tsv.gz
QTD000080	eQTL	gs://finngen-commons/eqtl_catalogue/r6/sumstats/QTD000080.all.tsv.gz
QTD000081	eQTL	gs://finngen-commons/eqtl_catalogue/r6/sumstats/QTD000081.all.tsv.gz
QTD000082	eQTL	gs://finngen-commons/eqtl_catalogue/r6/sumstats/QTD000082.all.tsv.gz
QTD000083	eQTL	gs://finngen-commons/eqtl_catalogue/r6/sumstats/QTD000083.all.tsv.gz
QTD000084	eQTL	gs://finngen-commons/eqtl_catalogue/r6/sumstats/QTD000084.all.tsv.gz
QTD000085	eQTL	gs://finngen-commons/eqtl_catalogue/r6/sumstats/QTD000085.all.tsv.gz
QTD000086	eQTL	gs://finngen-commons/eqtl_catalogue/r6/sumstats/QTD000086.cc.tsv.gz
QTD000087	eQTL	gs://finngen-commons/eqtl_catalogue/r6/sumstats/QTD000087.cc.tsv.gz
QTD000088	eQTL	gs://finngen-commons/eqtl_catalogue/r6/sumstats/QTD000088.cc.tsv.gz
QTD000089	sQTL	gs://finngen-commons/eqtl_catalogue/r6/sumstats/QTD000089.cc.tsv.gz
QTD000090	eQTL	gs://finngen-commons/eqtl_catalogue/r6/sumstats/QTD000090.all.tsv.gz
QTD000091	eQTL	gs://finngen-commons/eqtl_catalogue/r6/sumstats/QTD000091.cc.tsv.gz
QTD000092	eQTL	gs://finngen-commons/eqtl_catalogue/r6/sumstats/QTD000092.cc.tsv.gz
QTD000093	eQTL	gs://finngen-commons/eqtl_catalogue/r6/sumstats/QTD000093.cc.tsv.gz
QTD000094	sQTL	gs://finngen-commons/eqtl_catalogue/r6/sumstats/QTD000094.cc.tsv.gz
QTD000095	eQTL	gs://finngen-commons/eqtl_catalogue/r6/sumstats/QTD000095.all.tsv.gz
QTD000096	eQTL	gs://finngen-commons/eqtl_catalogue/r6/sumstats/QTD000096.cc.tsv.gz
QTD000097	eQTL	gs://finngen-commons/eqtl_catalogue/r6/sumstats/QTD000097.cc.tsv.gz
QTD000098	eQTL	gs://finngen-commons/eqtl_catalogue/r6/sumstats/QTD000098.cc.tsv.gz
QTD000099	sQTL	gs://finngen-commons/eqtl_catalogue/r6/sumstats/QTD000099.cc.tsv.gz
QTD000100	eQTL	gs://finngen-commons/eqtl_catalogue/r6/sumstats/QTD000100.all.tsv.gz
QTD000101	eQTL	gs://finngen-commons/eqtl_catalogue/r6/sumstats/QTD000101.cc.tsv.gz
QTD000102	eQTL	gs://finngen-commons/eqtl_catalogue/r6/sumstats/QTD000102.cc.tsv.gz
QTD000103	eQTL	gs://finngen-commons/eqtl_catalogue/r6/sumstats/QTD000103.cc.tsv.gz
QTD000104	sQTL	gs://finngen-commons/eqtl_catalogue/r6/sumstats/QTD000104.cc.tsv.gz
QTD000105	eQTL	gs://finngen-commons/eqtl_catalogue/r6/sumstats/QTD000105.all.tsv.gz
QTD000106	eQTL	gs://finngen-commons/eqtl_catalogue/r6/sumstats/QTD000106.cc.tsv.gz
QTD000107	eQTL	gs://finngen-commons/eqtl_catalogue/r6/sumstats/QTD000107.cc.tsv.gz
QTD000108	eQTL	gs://finngen-commons/eqtl_catalogue/r6/sumstats/QTD000108.cc.tsv.gz
QTD000109	sQTL	gs://finngen-commons/eqtl_catalogue/r6/sumstats/QTD000109.cc.tsv.gz
QTD000110	eQTL	gs://finngen-commons/eqtl_catalogue/r6/sumstats/QTD000110.all.tsv.gz
QTD000111	eQTL	gs://finngen-commons/eqtl_catalogue/r6/sumstats/QTD000111.cc.tsv.gz
QTD000112	eQTL	gs://finngen-commons/eqtl_catalogue/r6/sumstats/QTD000112.cc.tsv.gz
QTD000113	eQTL	gs://finngen-commons/eqtl_catalogue/r6/sumstats/QTD000113.cc.tsv.gz
QTD000114	sQTL	gs://finngen-commons/eqtl_catalogue/r6/sumstats/QTD000114.cc.tsv.gz
QTD000115	eQTL	gs://finngen-commons/eqtl_catalogue/r6/sumstats/QTD000115.all.tsv.gz
QTD000116	eQTL	gs://finngen-commons/eqtl_catalogue/r6/sumstats/QTD000116.all.tsv.gz
QTD000117	eQTL	gs://finngen-commons/eqtl_catalogue/r6/sumstats/QTD000117.cc.tsv.gz
QTD000118	eQTL	gs://finngen-commons/eqtl_catalogue/r6/sumstats/QTD000118.cc.tsv.gz
QTD000119	eQTL	gs://finngen-commons/eqtl_catalogue/r6/sumstats/QTD000119.cc.tsv.gz
QTD000120	sQTL	gs://finngen-commons/eqtl_catalogue/r6/sumstats/QTD000120.cc.tsv.gz
QTD000121	eQTL	gs://finngen-commons/eqtl_catalogue/r6/sumstats/QTD000121.all.tsv.gz
QTD000122	eQTL	gs://finngen-commons/eqtl_catalogue/r6/sumstats/QTD000122.cc.tsv.gz
QTD000123	eQTL	gs://finngen-commons/eqtl_catalogue/r6/sumstats/QTD000123.cc.tsv.gz
QTD000124	eQTL	gs://finngen-commons/eqtl_catalogue/r6/sumstats/QTD000124.cc.tsv.gz
QTD000125	sQTL	gs://finngen-commons/eqtl_catalogue/r6/sumstats/QTD000125.cc.tsv.gz
QTD000126	eQTL	gs://finngen-commons/eqtl_catalogue/r6/sumstats/QTD000126.all.tsv.gz
QTD000127	eQTL	gs://finngen-commons/eqtl_catalogue/r6/sumstats/QTD000127.cc.tsv.gz
QTD000128	eQTL	gs://finngen-commons/eqtl_catalogue/r6/sumstats/QTD000128.cc.tsv.gz
QTD000129	eQTL	gs://finngen-commons/eqtl_catalogue/r6/sumstats/QTD000129.cc.tsv.gz
QTD000130	sQTL	gs://finngen-commons/eqtl_catalogue/r6/sumstats/QTD000130.cc.tsv.gz
QTD000131	eQTL	gs://finngen-commons/eqtl_catalogue/r6/sumstats/QTD000131.all.tsv.gz
QTD000132	eQTL	gs://finngen-commons/eqtl_catalogue/r6/sumstats/QTD000132.cc.tsv.gz
QTD000133	eQTL	gs://finngen-commons/eqtl_catalogue/r6/sumstats/QTD000133.cc.tsv.gz
QTD000134	eQTL	gs://finngen-commons/eqtl_catalogue/r6/sumstats/QTD000134.cc.tsv.gz
QTD000135	sQTL	gs://finngen-commons/eqtl_catalogue/r6/sumstats/QTD000135.cc.tsv.gz
QTD000136	eQTL	gs://finngen-commons/eqtl_catalogue/r6/sumstats/QTD000136.all.tsv.gz
QTD000137	eQTL	gs://finngen-commons/eqtl_catalogue/r6/sumstats/QTD000137.cc.tsv.gz
QTD000138	eQTL	gs://finngen-commons/eqtl_catalogue/r6/sumstats/QTD000138.cc.tsv.gz
QTD000139	eQTL	gs://finngen-commons/eqtl_catalogue/r6/sumstats/QTD000139.cc.tsv.gz
QTD000140	sQTL	gs://finngen-commons/eqtl_catalogue/r6/sumstats/QTD000140.cc.tsv.gz
QTD000141	eQTL	gs://finngen-commons/eqtl_catalogue/r6/sumstats/QTD000141.all.tsv.gz
QTD000142	eQTL	gs://finngen-commons/eqtl_catalogue/r6/sumstats/QTD000142.cc.tsv.gz
QTD000143	eQTL	gs://finngen-commons/eqtl_catalogue/r6/sumstats/QTD000143.cc.tsv.gz
QTD000144	eQTL	gs://finngen-commons/eqtl_catalogue/r6/sumstats/QTD000144.cc.tsv.gz
QTD000145	sQTL	gs://finngen-commons/eqtl_catalogue/r6/sumstats/QTD000145.cc.tsv.gz
QTD000146	eQTL	gs://finngen-commons/eqtl_catalogue/r6/sumstats/QTD000146.all.tsv.gz
QTD000147	eQTL	gs://finngen-commons/eqtl_catalogue/r6/sumstats/QTD000147.cc.tsv.gz
QTD000148	eQTL	gs://finngen-commons/eqtl_catalogue/r6/sumstats/QTD000148.cc.tsv.gz
QTD000149	eQTL	gs://finngen-commons/eqtl_catalogue/r6/sumstats/QTD000149.cc.tsv.gz
QTD000150	sQTL	gs://finngen-commons/eqtl_catalogue/r6/sumstats/QTD000150.cc.tsv.gz
QTD000151	eQTL	gs://finngen-commons/eqtl_catalogue/r6/sumstats/QTD000151.all.tsv.gz
QTD000152	eQTL	gs://finngen-commons/eqtl_catalogue/r6/sumstats/QTD000152.cc.tsv.gz
QTD000153	eQTL	gs://finngen-commons/eqtl_catalogue/r6/sumstats/QTD000153.cc.tsv.gz
QTD000154	eQTL	gs://finngen-commons/eqtl_catalogue/r6/sumstats/QTD000154.cc.tsv.gz
QTD000155	sQTL	gs://finngen-commons/eqtl_catalogue/r6/sumstats/QTD000155.cc.tsv.gz
QTD000156	eQTL	gs://finngen-commons/eqtl_catalogue/r6/sumstats/QTD000156.all.tsv.gz
QTD000157	eQTL	gs://finngen-commons/eqtl_catalogue/r6/sumstats/QTD000157.cc.tsv.gz
QTD000158	eQTL	gs://finngen-commons/eqtl_catalogue/r6/sumstats/QTD000158.cc.tsv.gz
QTD000159	eQTL	gs://finngen-commons/eqtl_catalogue/r6/sumstats/QTD000159.cc.tsv.gz
QTD000160	sQTL	gs://finngen-commons/eqtl_catalogue/r6/sumstats/QTD000160.cc.tsv.gz
QTD000161	eQTL	gs://finngen-commons/eqtl_catalogue/r6/sumstats/QTD000161.all.tsv.gz
QTD000162	eQTL	gs://finngen-commons/eqtl_catalogue/r6/sumstats/QTD000162.cc.tsv.gz
QTD000163	eQTL	gs://finngen-commons/eqtl_catalogue/r6/sumstats/QTD000163.cc.tsv.gz
QTD000164	eQTL	gs://finngen-commons/eqtl_catalogue/r6/sumstats/QTD000164.cc.tsv.gz
QTD000165	sQTL	gs://finngen-commons/eqtl_catalogue/r6/sumstats/QTD000165.cc.tsv.gz
QTD000166	eQTL	gs://finngen-commons/eqtl_catalogue/r6/sumstats/QTD000166.all.tsv.gz
QTD000167	eQTL	gs://finngen-commons/eqtl_catalogue/r6/sumstats/QTD000167.cc.tsv.gz
QTD000168	eQTL	gs://finngen-commons/eqtl_catalogue/r6/sumstats/QTD000168.cc.tsv.gz
QTD000169	eQTL	gs://finngen-commons/eqtl_catalogue/r6/sumstats/QTD000169.cc.tsv.gz
QTD000170	sQTL	gs://finngen-commons/eqtl_catalogue/r6/sumstats/QTD000170.cc.tsv.gz
QTD000171	eQTL	gs://finngen-commons/eqtl_catalogue/r6/sumstats/QTD000171.all.tsv.gz
QTD000172	eQTL	gs://finngen-commons/eqtl_catalogue/r6/sumstats/QTD000172.cc.tsv.gz
QTD000173	eQTL	gs://finngen-commons/eqtl_catalogue/r6/sumstats/QTD000173.cc.tsv.gz
QTD000174	eQTL	gs://finngen-commons/eqtl_catalogue/r6/sumstats/QTD000174.cc.tsv.gz
QTD000175	sQTL	gs://finngen-commons/eqtl_catalogue/r6/sumstats/QTD000175.cc.tsv.gz
QTD000176	eQTL	gs://finngen-commons/eqtl_catalogue/r6/sumstats/QTD000176.all.tsv.gz
QTD000177	eQTL	gs://finngen-commons/eqtl_catalogue/r6/sumstats/QTD000177.cc.tsv.gz
QTD000178	eQTL	gs://finngen-commons/eqtl_catalogue/r6/sumstats/QTD000178.cc.tsv.gz
QTD000179	eQTL	gs://finngen-commons/eqtl_catalogue/r6/sumstats/QTD000179.cc.tsv.gz
QTD000180	sQTL	gs://finngen-commons/eqtl_catalogue/r6/sumstats/QTD000180.cc.tsv.gz
QTD000181	eQTL	gs://finngen-commons/eqtl_catalogue/r6/sumstats/QTD000181.all.tsv.gz
QTD000182	eQTL	gs://finngen-commons/eqtl_catalogue/r6/sumstats/QTD000182.cc.tsv.gz
QTD000183	eQTL	gs://finngen-commons/eqtl_catalogue/r6/sumstats/QTD000183.cc.tsv.gz
QTD000184	eQTL	gs://finngen-commons/eqtl_catalogue/r6/sumstats/QTD000184.cc.tsv.gz
QTD000185	sQTL	gs://finngen-commons/eqtl_catalogue/r6/sumstats/QTD000185.cc.tsv.gz
QTD000186	eQTL	gs://finngen-commons/eqtl_catalogue/r6/sumstats/QTD000186.all.tsv.gz
QTD000187	eQTL	gs://finngen-commons/eqtl_catalogue/r6/sumstats/QTD000187.cc.tsv.gz
QTD000188	eQTL	gs://finngen-commons/eqtl_catalogue/r6/sumstats/QTD000188.cc.tsv.gz
QTD000189	eQTL	gs://finngen-commons/eqtl_catalogue/r6/sumstats/QTD000189.cc.tsv.gz
QTD000190	sQTL	gs://finngen-commons/eqtl_catalogue/r6/sumstats/QTD000190.cc.tsv.gz
QTD000191	eQTL	gs://finngen-commons/eqtl_catalogue/r6/sumstats/QTD000191.all.tsv.gz
QTD000192	eQTL	gs://finngen-commons/eqtl_catalogue/r6/sumstats/QTD000192.cc.tsv.gz
QTD000193	eQTL	gs://finngen-commons/eqtl_catalogue/r6/sumstats/QTD000193.cc.tsv.gz
QTD000194	eQTL	gs://finngen-commons/eqtl_catalogue/r6/sumstats/QTD000194.cc.tsv.gz
QTD000195	sQTL	gs://finngen-commons/eqtl_catalogue/r6/sumstats/QTD000195.cc.tsv.gz
QTD000196	eQTL	gs://finngen-commons/eqtl_catalogue/r6/sumstats/QTD000196.all.tsv.gz
QTD000197	eQTL	gs://finngen-commons/eqtl_catalogue/r6/sumstats/QTD000197.cc.tsv.gz
QTD000198	eQTL	gs://finngen-commons/eqtl_catalogue/r6/sumstats/QTD000198.cc.tsv.gz
QTD000199	eQTL	gs://finngen-commons/eqtl_catalogue/r6/sumstats/QTD000199.cc.tsv.gz
QTD000200	sQTL	gs://finngen-commons/eqtl_catalogue/r6/sumstats/QTD000200.cc.tsv.gz
QTD000201	eQTL	gs://finngen-commons/eqtl_catalogue/r6/sumstats/QTD000201.all.tsv.gz
QTD000202	eQTL	gs://finngen-commons/eqtl_catalogue/r6/sumstats/QTD000202.cc.tsv.gz
QTD000203	eQTL	gs://finngen-commons/eqtl_catalogue/r6/sumstats/QTD000203.cc.tsv.gz
QTD000204	eQTL	gs://finngen-commons/eqtl_catalogue/r6/sumstats/QTD000204.cc.tsv.gz
QTD000205	sQTL	gs://finngen-commons/eqtl_catalogue/r6/sumstats/QTD000205.cc.tsv.gz
QTD000206	eQTL	gs://finngen-commons/eqtl_catalogue/r6/sumstats/QTD000206.all.tsv.gz
QTD000207	eQTL	gs://finngen-commons/eqtl_catalogue/r6/sumstats/QTD000207.cc.tsv.gz
QTD000208	eQTL	gs://finngen-commons/eqtl_catalogue/r6/sumstats/QTD000208.cc.tsv.gz
QTD000209	eQTL	gs://finngen-commons/eqtl_catalogue/r6/sumstats/QTD000209.cc.tsv.gz
QTD000210	sQTL	gs://finngen-commons/eqtl_catalogue/r6/sumstats/QTD000210.cc.tsv.gz
QTD000211	eQTL	gs://finngen-commons/eqtl_catalogue/r6/sumstats/QTD000211.all.tsv.gz
QTD000212	eQTL	gs://finngen-commons/eqtl_catalogue/r6/sumstats/QTD000212.cc.tsv.gz
QTD000213	eQTL	gs://finngen-commons/eqtl_catalogue/r6/sumstats/QTD000213.cc.tsv.gz
QTD000214	eQTL	gs://finngen-commons/eqtl_catalogue/r6/sumstats/QTD000214.cc.tsv.gz
QTD000215	sQTL	gs://finngen-commons/eqtl_catalogue/r6/sumstats/QTD000215.cc.tsv.gz
QTD000216	eQTL	gs://finngen-commons/eqtl_catalogue/r6/sumstats/QTD000216.all.tsv.gz
QTD000217	eQTL	gs://finngen-commons/eqtl_catalogue/r6/sumstats/QTD000217.cc.tsv.gz
QTD000218	eQTL	gs://finngen-commons/eqtl_catalogue/r6/sumstats/QTD000218.cc.tsv.gz
QTD000219	eQTL	gs://finngen-commons/eqtl_catalogue/r6/sumstats/QTD000219.cc.tsv.gz
QTD000220	sQTL	gs://finngen-commons/eqtl_catalogue/r6/sumstats/QTD000220.cc.tsv.gz
QTD000221	eQTL	gs://finngen-commons/eqtl_catalogue/r6/sumstats/QTD000221.all.tsv.gz
QTD000222	eQTL	gs://finngen-commons/eqtl_catalogue/r6/sumstats/QTD000222.cc.tsv.gz
QTD000223	eQTL	gs://finngen-commons/eqtl_catalogue/r6/sumstats/QTD000223.cc.tsv.gz
QTD000224	eQTL	gs://finngen-commons/eqtl_catalogue/r6/sumstats/QTD000224.cc.tsv.gz
QTD000225	sQTL	gs://finngen-commons/eqtl_catalogue/r6/sumstats/QTD000225.cc.tsv.gz
QTD000226	eQTL	gs://finngen-commons/eqtl_catalogue/r6/sumstats/QTD000226.all.tsv.gz
QTD000227	eQTL	gs://finngen-commons/eqtl_catalogue/r6/sumstats/QTD000227.cc.tsv.gz
QTD000228	eQTL	gs://finngen-commons/eqtl_catalogue/r6/sumstats/QTD000228.cc.tsv.gz
QTD000229	eQTL	gs://finngen-commons/eqtl_catalogue/r6/sumstats/QTD000229.cc.tsv.gz
QTD000230	sQTL	gs://finngen-commons/eqtl_catalogue/r6/sumstats/QTD000230.cc.tsv.gz
QTD000231	eQTL	gs://finngen-commons/eqtl_catalogue/r6/sumstats/QTD000231.all.tsv.gz
QTD000232	eQTL	gs://finngen-commons/eqtl_catalogue/r6/sumstats/QTD000232.cc.tsv.gz
QTD000233	eQTL	gs://finngen-commons/eqtl_catalogue/r6/sumstats/QTD000233.cc.tsv.gz
QTD000234	eQTL	gs://finngen-commons/eqtl_catalogue/r6/sumstats/QTD000234.cc.tsv.gz
QTD000235	sQTL	gs://finngen-commons/eqtl_catalogue/r6/sumstats/QTD000235.cc.tsv.gz
QTD000236	eQTL	gs://finngen-commons/eqtl_catalogue/r6/sumstats/QTD000236.all.tsv.gz
QTD000237	eQTL	gs://finngen-commons/eqtl_catalogue/r6/sumstats/QTD000237.cc.tsv.gz
QTD000238	eQTL	gs://finngen-commons/eqtl_catalogue/r6/sumstats/QTD000238.cc.tsv.gz
QTD000239	eQTL	gs://finngen-commons/eqtl_catalogue/r6/sumstats/QTD000239.cc.tsv.gz
QTD000240	sQTL	gs://finngen-commons/eqtl_catalogue/r6/sumstats/QTD000240.cc.tsv.gz
QTD000241	eQTL	gs://finngen-commons/eqtl_catalogue/r6/sumstats/QTD000241.all.tsv.gz
QTD000242	eQTL	gs://finngen-commons/eqtl_catalogue/r6/sumstats/QTD000242.cc.tsv.gz
QTD000243	eQTL	gs://finngen-commons/eqtl_catalogue/r6/sumstats/QTD000243.cc.tsv.gz
QTD000244	eQTL	gs://finngen-commons/eqtl_catalogue/r6/sumstats/QTD000244.cc.tsv.gz
QTD000245	sQTL	gs://finngen-commons/eqtl_catalogue/r6/sumstats/QTD000245.cc.tsv.gz
QTD000246	eQTL	gs://finngen-commons/eqtl_catalogue/r6/sumstats/QTD000246.all.tsv.gz
QTD000247	eQTL	gs://finngen-commons/eqtl_catalogue/r6/sumstats/QTD000247.cc.tsv.gz
QTD000248	eQTL	gs://finngen-commons/eqtl_catalogue/r6/sumstats/QTD000248.cc.tsv.gz
QTD000249	eQTL	gs://finngen-commons/eqtl_catalogue/r6/sumstats/QTD000249.cc.tsv.gz
QTD000250	sQTL	gs://finngen-commons/eqtl_catalogue/r6/sumstats/QTD000250.cc.tsv.gz
QTD000251	eQTL	gs://finngen-commons/eqtl_catalogue/r6/sumstats/QTD000251.all.tsv.gz
QTD000252	eQTL	gs://finngen-commons/eqtl_catalogue/r6/sumstats/QTD000252.cc.tsv.gz
QTD000253	eQTL	gs://finngen-commons/eqtl_catalogue/r6/sumstats/QTD000253.cc.tsv.gz
QTD000254	eQTL	gs://finngen-commons/eqtl_catalogue/r6/sumstats/QTD000254.cc.tsv.gz
QTD000255	sQTL	gs://finngen-commons/eqtl_catalogue/r6/sumstats/QTD000255.cc.tsv.gz
QTD000256	eQTL	gs://finngen-commons/eqtl_catalogue/r6/sumstats/QTD000256.all.tsv.gz
QTD000257	eQTL	gs://finngen-commons/eqtl_catalogue/r6/sumstats/QTD000257.cc.tsv.gz
QTD000258	eQTL	gs://finngen-commons/eqtl_catalogue/r6/sumstats/QTD000258.cc.tsv.gz
QTD000259	eQTL	gs://finngen-commons/eqtl_catalogue/r6/sumstats/QTD000259.cc.tsv.gz
QTD000260	sQTL	gs://finngen-commons/eqtl_catalogue/r6/sumstats/QTD000260.cc.tsv.gz
QTD000261	eQTL	gs://finngen-commons/eqtl_catalogue/r6/sumstats/QTD000261.all.tsv.gz
QTD000262	eQTL	gs://finngen-commons/eqtl_catalogue/r6/sumstats/QTD000262.cc.tsv.gz
QTD000263	eQTL	gs://finngen-commons/eqtl_catalogue/r6/sumstats/QTD000263.cc.tsv.gz
QTD000264	eQTL	gs://finngen-commons/eqtl_catalogue/r6/sumstats/QTD000264.cc.tsv.gz
QTD000265	sQTL	gs://finngen-commons/eqtl_catalogue/r6/sumstats/QTD000265.cc.tsv.gz
QTD000266	eQTL	gs://finngen-commons/eqtl_catalogue/r6/sumstats/QTD000266.all.tsv.gz
QTD000267	eQTL	gs://finngen-commons/eqtl_catalogue/r6/sumstats/QTD000267.cc.tsv.gz
QTD000268	eQTL	gs://finngen-commons/eqtl_catalogue/r6/sumstats/QTD000268.cc.tsv.gz
QTD000269	eQTL	gs://finngen-commons/eqtl_catalogue/r6/sumstats/QTD000269.cc.tsv.gz
QTD000270	sQTL	gs://finngen-commons/eqtl_catalogue/r6/sumstats/QTD000270.cc.tsv.gz
QTD000271	eQTL	gs://finngen-commons/eqtl_catalogue/r6/sumstats/QTD000271.all.tsv.gz
QTD000272	eQTL	gs://finngen-commons/eqtl_catalogue/r6/sumstats/QTD000272.cc.tsv.gz
QTD000273	eQTL	gs://finngen-commons/eqtl_catalogue/r6/sumstats/QTD000273.cc.tsv.gz
QTD000274	eQTL	gs://finngen-commons/eqtl_catalogue/r6/sumstats/QTD000274.cc.tsv.gz
QTD000275	sQTL	gs://finngen-commons/eqtl_catalogue/r6/sumstats/QTD000275.cc.tsv.gz
QTD000276	eQTL	gs://finngen-commons/eqtl_catalogue/r6/sumstats/QTD000276.all.tsv.gz
QTD000277	eQTL	gs://finngen-commons/eqtl_catalogue/r6/sumstats/QTD000277.cc.tsv.gz
QTD000278	eQTL	gs://finngen-commons/eqtl_catalogue/r6/sumstats/QTD000278.cc.tsv.gz
QTD000279	eQTL	gs://finngen-commons/eqtl_catalogue/r6/sumstats/QTD000279.cc.tsv.gz
QTD000280	sQTL	gs://finngen-commons/eqtl_catalogue/r6/sumstats/QTD000280.cc.tsv.gz
QTD000281	eQTL	gs://finngen-commons/eqtl_catalogue/r6/sumstats/QTD000281.all.tsv.gz
QTD000282	eQTL	gs://finngen-commons/eqtl_catalogue/r6/sumstats/QTD000282.cc.tsv.gz
QTD000283	eQTL	gs://finngen-commons/eqtl_catalogue/r6/sumstats/QTD000283.cc.tsv.gz
QTD000284	eQTL	gs://finngen-commons/eqtl_catalogue/r6/sumstats/QTD000284.cc.tsv.gz
QTD000285	sQTL	gs://finngen-commons/eqtl_catalogue/r6/sumstats/QTD000285.cc.tsv.gz
QTD000286	eQTL	gs://finngen-commons/eqtl_catalogue/r6/sumstats/QTD000286.all.tsv.gz
QTD000287	eQTL	gs://finngen-commons/eqtl_catalogue/r6/sumstats/QTD000287.cc.tsv.gz
QTD000288	eQTL	gs://finngen-commons/eqtl_catalogue/r6/sumstats/QTD000288.cc.tsv.gz
QTD000289	eQTL	gs://finngen-commons/eqtl_catalogue/r6/sumstats/QTD000289.cc.tsv.gz
QTD000290	sQTL	gs://finngen-commons/eqtl_catalogue/r6/sumstats/QTD000290.cc.tsv.gz
QTD000291	eQTL	gs://finngen-commons/eqtl_catalogue/r6/sumstats/QTD000291.all.tsv.gz
QTD000292	eQTL	gs://finngen-commons/eqtl_catalogue/r6/sumstats/QTD000292.cc.tsv.gz
QTD000293	eQTL	gs://finngen-commons/eqtl_catalogue/r6/sumstats/QTD000293.cc.tsv.gz
QTD000294	eQTL	gs://finngen-commons/eqtl_catalogue/r6/sumstats/QTD000294.cc.tsv.gz
QTD000295	sQTL	gs://finngen-commons/eqtl_catalogue/r6/sumstats/QTD000295.cc.tsv.gz
QTD000296	eQTL	gs://finngen-commons/eqtl_catalogue/r6/sumstats/QTD000296.all.tsv.gz
QTD000297	eQTL	gs://finngen-commons/eqtl_catalogue/r6/sumstats/QTD000297.cc.tsv.gz
QTD000298	eQTL	gs://finngen-commons/eqtl_catalogue/r6/sumstats/QTD000298.cc.tsv.gz
QTD000299	eQTL	gs://finngen-commons/eqtl_catalogue/r6/sumstats/QTD000299.cc.tsv.gz
QTD000300	sQTL	gs://finngen-commons/eqtl_catalogue/r6/sumstats/QTD000300.cc.tsv.gz
QTD000301	eQTL	gs://finngen-commons/eqtl_catalogue/r6/sumstats/QTD000301.all.tsv.gz
QTD000302	eQTL	gs://finngen-commons/eqtl_catalogue/r6/sumstats/QTD000302.cc.tsv.gz
QTD000303	eQTL	gs://finngen-commons/eqtl_catalogue/r6/sumstats/QTD000303.cc.tsv.gz
QTD000304	eQTL	gs://finngen-commons/eqtl_catalogue/r6/sumstats/QTD000304.cc.tsv.gz
QTD000305	sQTL	gs://finngen-commons/eqtl_catalogue/r6/sumstats/QTD000305.cc.tsv.gz
QTD000306	eQTL	gs://finngen-commons/eqtl_catalogue/r6/sumstats/QTD000306.all.tsv.gz
QTD000307	eQTL	gs://finngen-commons/eqtl_catalogue/r6/sumstats/QTD000307.cc.tsv.gz
QTD000308	eQTL	gs://finngen-commons/eqtl_catalogue/r6/sumstats/QTD000308.cc.tsv.gz
QTD000309	eQTL	gs://finngen-commons/eqtl_catalogue/r6/sumstats/QTD000309.cc.tsv.gz
QTD000310	sQTL	gs://finngen-commons/eqtl_catalogue/r6/sumstats/QTD000310.cc.tsv.gz
QTD000311	eQTL	gs://finngen-commons/eqtl_catalogue/r6/sumstats/QTD000311.all.tsv.gz
QTD000312	eQTL	gs://finngen-commons/eqtl_catalogue/r6/sumstats/QTD000312.cc.tsv.gz
QTD000313	eQTL	gs://finngen-commons/eqtl_catalogue/r6/sumstats/QTD000313.cc.tsv.gz
QTD000314	eQTL	gs://finngen-commons/eqtl_catalogue/r6/sumstats/QTD000314.cc.tsv.gz
QTD000315	sQTL	gs://finngen-commons/eqtl_catalogue/r6/sumstats/QTD000315.cc.tsv.gz
QTD000316	eQTL	gs://finngen-commons/eqtl_catalogue/r6/sumstats/QTD000316.all.tsv.gz
QTD000317	eQTL	gs://finngen-commons/eqtl_catalogue/r6/sumstats/QTD000317.cc.tsv.gz
QTD000318	eQTL	gs://finngen-commons/eqtl_catalogue/r6/sumstats/QTD000318.cc.tsv.gz
QTD000319	eQTL	gs://finngen-commons/eqtl_catalogue/r6/sumstats/QTD000319.cc.tsv.gz
QTD000320	sQTL	gs://finngen-commons/eqtl_catalogue/r6/sumstats/QTD000320.cc.tsv.gz
QTD000321	eQTL	gs://finngen-commons/eqtl_catalogue/r6/sumstats/QTD000321.all.tsv.gz
QTD000322	eQTL	gs://finngen-commons/eqtl_catalogue/r6/sumstats/QTD000322.cc.tsv.gz
QTD000323	eQTL	gs://finngen-commons/eqtl_catalogue/r6/sumstats/QTD000323.cc.tsv.gz
QTD000324	eQTL	gs://finngen-commons/eqtl_catalogue/r6/sumstats/QTD000324.cc.tsv.gz
QTD000325	sQTL	gs://finngen-commons/eqtl_catalogue/r6/sumstats/QTD000325.cc.tsv.gz
QTD000326	eQTL	gs://finngen-commons/eqtl_catalogue/r6/sumstats/QTD000326.all.tsv.gz
QTD000327	eQTL	gs://finngen-commons/eqtl_catalogue/r6/sumstats/QTD000327.cc.tsv.gz
QTD000328	eQTL	gs://finngen-commons/eqtl_catalogue/r6/sumstats/QTD000328.cc.tsv.gz
QTD000329	eQTL	gs://finngen-commons/eqtl_catalogue/r6/sumstats/QTD000329.cc.tsv.gz
QTD000330	sQTL	gs://finngen-commons/eqtl_catalogue/r6/sumstats/QTD000330.cc.tsv.gz
QTD000331	eQTL	gs://finngen-commons/eqtl_catalogue/r6/sumstats/QTD000331.all.tsv.gz
QTD000332	eQTL	gs://finngen-commons/eqtl_catalogue/r6/sumstats/QTD000332.cc.tsv.gz
QTD000333	eQTL	gs://finngen-commons/eqtl_catalogue/r6/sumstats/QTD000333.cc.tsv.gz
QTD000334	eQTL	gs://finngen-commons/eqtl_catalogue/r6/sumstats/QTD000334.cc.tsv.gz
QTD000335	sQTL	gs://finngen-commons/eqtl_catalogue/r6/sumstats/QTD000335.cc.tsv.gz
QTD000336	eQTL	gs://finngen-commons/eqtl_catalogue/r6/sumstats/QTD000336.all.tsv.gz
QTD000337	eQTL	gs://finngen-commons/eqtl_catalogue/r6/sumstats/QTD000337.cc.tsv.gz
QTD000338	eQTL	gs://finngen-commons/eqtl_catalogue/r6/sumstats/QTD000338.cc.tsv.gz
QTD000339	eQTL	gs://finngen-commons/eqtl_catalogue/r6/sumstats/QTD000339.cc.tsv.gz
QTD000340	sQTL	gs://finngen-commons/eqtl_catalogue/r6/sumstats/QTD000340.cc.tsv.gz
QTD000341	eQTL	gs://finngen-commons/eqtl_catalogue/r6/sumstats/QTD000341.all.tsv.gz
QTD000342	eQTL	gs://finngen-commons/eqtl_catalogue/r6/sumstats/QTD000342.cc.tsv.gz
QTD000343	eQTL	gs://finngen-commons/eqtl_catalogue/r6/sumstats/QTD000343.cc.tsv.gz
QTD000344	eQTL	gs://finngen-commons/eqtl_catalogue/r6/sumstats/QTD000344.cc.tsv.gz
QTD000345	sQTL	gs://finngen-commons/eqtl_catalogue/r6/sumstats/QTD000345.cc.tsv.gz
QTD000346	eQTL	gs://finngen-commons/eqtl_catalogue/r6/sumstats/QTD000346.all.tsv.gz
QTD000347	eQTL	gs://finngen-commons/eqtl_catalogue/r6/sumstats/QTD000347.cc.tsv.gz
QTD000348	eQTL	gs://finngen-commons/eqtl_catalogue/r6/sumstats/QTD000348.cc.tsv.gz
QTD000349	eQTL	gs://finngen-commons/eqtl_catalogue/r6/sumstats/QTD000349.cc.tsv.gz
QTD000350	sQTL	gs://finngen-commons/eqtl_catalogue/r6/sumstats/QTD000350.cc.tsv.gz
QTD000351	eQTL	gs://finngen-commons/eqtl_catalogue/r6/sumstats/QTD000351.all.tsv.gz
QTD000352	eQTL	gs://finngen-commons/eqtl_catalogue/r6/sumstats/QTD000352.cc.tsv.gz
QTD000353	eQTL	gs://finngen-commons/eqtl_catalogue/r6/sumstats/QTD000353.cc.tsv.gz
QTD000354	eQTL	gs://finngen-commons/eqtl_catalogue/r6/sumstats/QTD000354.cc.tsv.gz
QTD000355	sQTL	gs://finngen-commons/eqtl_catalogue/r6/sumstats/QTD000355.cc.tsv.gz
QTD000356	eQTL	gs://finngen-commons/eqtl_catalogue/r6/sumstats/QTD000356.all.tsv.gz
QTD000357	eQTL	gs://finngen-commons/eqtl_catalogue/r6/sumstats/QTD000357.cc.tsv.gz
QTD000358	eQTL	gs://finngen-commons/eqtl_catalogue/r6/sumstats/QTD000358.cc.tsv.gz
QTD000359	eQTL	gs://finngen-commons/eqtl_catalogue/r6/sumstats/QTD000359.cc.tsv.gz
QTD000360	sQTL	gs://finngen-commons/eqtl_catalogue/r6/sumstats/QTD000360.cc.tsv.gz
QTD000361	eQTL	gs://finngen-commons/eqtl_catalogue/r6/sumstats/QTD000361.all.tsv.gz
QTD000362	eQTL	gs://finngen-commons/eqtl_catalogue/r6/sumstats/QTD000362.cc.tsv.gz
QTD000363	eQTL	gs://finngen-commons/eqtl_catalogue/r6/sumstats/QTD000363.cc.tsv.gz
QTD000364	eQTL	gs://finngen-commons/eqtl_catalogue/r6/sumstats/QTD000364.cc.tsv.gz
QTD000365	sQTL	gs://finngen-commons/eqtl_catalogue/r6/sumstats/QTD000365.cc.tsv.gz
QTD000366	eQTL	gs://finngen-commons/eqtl_catalogue/r6/sumstats/QTD000366.all.tsv.gz
QTD000367	eQTL	gs://finngen-commons/eqtl_catalogue/r6/sumstats/QTD000367.cc.tsv.gz
QTD000368	eQTL	gs://finngen-commons/eqtl_catalogue/r6/sumstats/QTD000368.cc.tsv.gz
QTD000369	eQTL	gs://finngen-commons/eqtl_catalogue/r6/sumstats/QTD000369.cc.tsv.gz
QTD000370	sQTL	gs://finngen-commons/eqtl_catalogue/r6/sumstats/QTD000370.cc.tsv.gz
QTD000371	eQTL	gs://finngen-commons/eqtl_catalogue/r6/sumstats/QTD000371.all.tsv.gz
QTD000372	eQTL	gs://finngen-commons/eqtl_catalogue/r6/sumstats/QTD000372.all.tsv.gz
QTD000373	eQTL	gs://finngen-commons/eqtl_catalogue/r6/sumstats/QTD000373.all.tsv.gz
QTD000374	eQTL	gs://finngen-commons/eqtl_catalogue/r6/sumstats/QTD000374.cc.tsv.gz
QTD000375	eQTL	gs://finngen-commons/eqtl_catalogue/r6/sumstats/QTD000375.cc.tsv.gz
QTD000376	eQTL	gs://finngen-commons/eqtl_catalogue/r6/sumstats/QTD000376.cc.tsv.gz
QTD000377	sQTL	gs://finngen-commons/eqtl_catalogue/r6/sumstats/QTD000377.cc.tsv.gz
QTD000378	eQTL	gs://finngen-commons/eqtl_catalogue/r6/sumstats/QTD000378.all.tsv.gz
QTD000379	eQTL	gs://finngen-commons/eqtl_catalogue/r6/sumstats/QTD000379.all.tsv.gz
QTD000380	eQTL	gs://finngen-commons/eqtl_catalogue/r6/sumstats/QTD000380.cc.tsv.gz
QTD000381	eQTL	gs://finngen-commons/eqtl_catalogue/r6/sumstats/QTD000381.cc.tsv.gz
QTD000382	eQTL	gs://finngen-commons/eqtl_catalogue/r6/sumstats/QTD000382.cc.tsv.gz
QTD000383	sQTL	gs://finngen-commons/eqtl_catalogue/r6/sumstats/QTD000383.cc.tsv.gz
QTD000384	eQTL	gs://finngen-commons/eqtl_catalogue/r6/sumstats/QTD000384.all.tsv.gz
QTD000385	eQTL	gs://finngen-commons/eqtl_catalogue/r6/sumstats/QTD000385.cc.tsv.gz
QTD000386	eQTL	gs://finngen-commons/eqtl_catalogue/r6/sumstats/QTD000386.cc.tsv.gz
QTD000387	eQTL	gs://finngen-commons/eqtl_catalogue/r6/sumstats/QTD000387.cc.tsv.gz
QTD000388	sQTL	gs://finngen-commons/eqtl_catalogue/r6/sumstats/QTD000388.cc.tsv.gz
QTD000389	eQTL	gs://finngen-commons/eqtl_catalogue/r6/sumstats/QTD000389.all.tsv.gz
QTD000390	eQTL	gs://finngen-commons/eqtl_catalogue/r6/sumstats/QTD000390.cc.tsv.gz
QTD000391	eQTL	gs://finngen-commons/eqtl_catalogue/r6/sumstats/QTD000391.cc.tsv.gz
QTD000392	eQTL	gs://finngen-commons/eqtl_catalogue/r6/sumstats/QTD000392.cc.tsv.gz
QTD000393	sQTL	gs://finngen-commons/eqtl_catalogue/r6/sumstats/QTD000393.cc.tsv.gz
QTD000394	eQTL	gs://finngen-commons/eqtl_catalogue/r6/sumstats/QTD000394.all.tsv.gz
QTD000395	eQTL	gs://finngen-commons/eqtl_catalogue/r6/sumstats/QTD000395.cc.tsv.gz
QTD000396	eQTL	gs://finngen-commons/eqtl_catalogue/r6/sumstats/QTD000396.cc.tsv.gz
QTD000397	eQTL	gs://finngen-commons/eqtl_catalogue/r6/sumstats/QTD000397.cc.tsv.gz
QTD000398	sQTL	gs://finngen-commons/eqtl_catalogue/r6/sumstats/QTD000398.cc.tsv.gz
QTD000399	eQTL	gs://finngen-commons/eqtl_catalogue/r6/sumstats/QTD000399.all.tsv.gz
QTD000400	eQTL	gs://finngen-commons/eqtl_catalogue/r6/sumstats/QTD000400.cc.tsv.gz
QTD000401	eQTL	gs://finngen-commons/eqtl_catalogue/r6/sumstats/QTD000401.cc.tsv.gz
QTD000402	eQTL	gs://finngen-commons/eqtl_catalogue/r6/sumstats/QTD000402.cc.tsv.gz
QTD000403	sQTL	gs://finngen-commons/eqtl_catalogue/r6/sumstats/QTD000403.cc.tsv.gz
QTD000404	eQTL	gs://finngen-commons/eqtl_catalogue/r6/sumstats/QTD000404.all.tsv.gz
QTD000405	eQTL	gs://finngen-commons/eqtl_catalogue/r6/sumstats/QTD000405.cc.tsv.gz
QTD000406	eQTL	gs://finngen-commons/eqtl_catalogue/r6/sumstats/QTD000406.cc.tsv.gz
QTD000407	eQTL	gs://finngen-commons/eqtl_catalogue/r6/sumstats/QTD000407.cc.tsv.gz
QTD000408	sQTL	gs://finngen-commons/eqtl_catalogue/r6/sumstats/QTD000408.cc.tsv.gz
QTD000409	eQTL	gs://finngen-commons/eqtl_catalogue/r6/sumstats/QTD000409.all.tsv.gz
QTD000410	eQTL	gs://finngen-commons/eqtl_catalogue/r6/sumstats/QTD000410.cc.tsv.gz
QTD000411	eQTL	gs://finngen-commons/eqtl_catalogue/r6/sumstats/QTD000411.cc.tsv.gz
QTD000412	eQTL	gs://finngen-commons/eqtl_catalogue/r6/sumstats/QTD000412.cc.tsv.gz
QTD000413	sQTL	gs://finngen-commons/eqtl_catalogue/r6/sumstats/QTD000413.cc.tsv.gz
QTD000414	eQTL	gs://finngen-commons/eqtl_catalogue/r6/sumstats/QTD000414.all.tsv.gz
QTD000415	eQTL	gs://finngen-commons/eqtl_catalogue/r6/sumstats/QTD000415.cc.tsv.gz
QTD000416	eQTL	gs://finngen-commons/eqtl_catalogue/r6/sumstats/QTD000416.cc.tsv.gz
QTD000417	eQTL	gs://finngen-commons/eqtl_catalogue/r6/sumstats/QTD000417.cc.tsv.gz
QTD000418	sQTL	gs://finngen-commons/eqtl_catalogue/r6/sumstats/QTD000418.cc.tsv.gz
QTD000419	eQTL	gs://finngen-commons/eqtl_catalogue/r6/sumstats/QTD000419.all.tsv.gz
QTD000420	eQTL	gs://finngen-commons/eqtl_catalogue/r6/sumstats/QTD000420.cc.tsv.gz
QTD000421	eQTL	gs://finngen-commons/eqtl_catalogue/r6/sumstats/QTD000421.cc.tsv.gz
QTD000422	eQTL	gs://finngen-commons/eqtl_catalogue/r6/sumstats/QTD000422.cc.tsv.gz
QTD000423	sQTL	gs://finngen-commons/eqtl_catalogue/r6/sumstats/QTD000423.cc.tsv.gz
QTD000424	eQTL	gs://finngen-commons/eqtl_catalogue/r6/sumstats/QTD000424.all.tsv.gz
QTD000425	eQTL	gs://finngen-commons/eqtl_catalogue/r6/sumstats/QTD000425.cc.tsv.gz
QTD000426	eQTL	gs://finngen-commons/eqtl_catalogue/r6/sumstats/QTD000426.cc.tsv.gz
QTD000427	eQTL	gs://finngen-commons/eqtl_catalogue/r6/sumstats/QTD000427.cc.tsv.gz
QTD000428	sQTL	gs://finngen-commons/eqtl_catalogue/r6/sumstats/QTD000428.cc.tsv.gz
QTD000429	eQTL	gs://finngen-commons/eqtl_catalogue/r6/sumstats/QTD000429.all.tsv.gz
QTD000430	eQTL	gs://finngen-commons/eqtl_catalogue/r6/sumstats/QTD000430.cc.tsv.gz
QTD000431	eQTL	gs://finngen-commons/eqtl_catalogue/r6/sumstats/QTD000431.cc.tsv.gz
QTD000432	eQTL	gs://finngen-commons/eqtl_catalogue/r6/sumstats/QTD000432.cc.tsv.gz
QTD000433	sQTL	gs://finngen-commons/eqtl_catalogue/r6/sumstats/QTD000433.cc.tsv.gz
QTD000434	eQTL	gs://finngen-commons/eqtl_catalogue/r6/sumstats/QTD000434.all.tsv.gz
QTD000435	eQTL	gs://finngen-commons/eqtl_catalogue/r6/sumstats/QTD000435.cc.tsv.gz
QTD000436	eQTL	gs://finngen-commons/eqtl_catalogue/r6/sumstats/QTD000436.cc.tsv.gz
QTD000437	eQTL	gs://finngen-commons/eqtl_catalogue/r6/sumstats/QTD000437.cc.tsv.gz
QTD000438	sQTL	gs://finngen-commons/eqtl_catalogue/r6/sumstats/QTD000438.cc.tsv.gz
QTD000439	eQTL	gs://finngen-commons/eqtl_catalogue/r6/sumstats/QTD000439.all.tsv.gz
QTD000440	eQTL	gs://finngen-commons/eqtl_catalogue/r6/sumstats/QTD000440.cc.tsv.gz
QTD000441	eQTL	gs://finngen-commons/eqtl_catalogue/r6/sumstats/QTD000441.cc.tsv.gz
QTD000442	eQTL	gs://finngen-commons/eqtl_catalogue/r6/sumstats/QTD000442.cc.tsv.gz
QTD000443	sQTL	gs://finngen-commons/eqtl_catalogue/r6/sumstats/QTD000443.cc.tsv.gz
QTD000444	eQTL	gs://finngen-commons/eqtl_catalogue/r6/sumstats/QTD000444.all.tsv.gz
QTD000445	eQTL	gs://finngen-commons/eqtl_catalogue/r6/sumstats/QTD000445.cc.tsv.gz
QTD000446	eQTL	gs://finngen-commons/eqtl_catalogue/r6/sumstats/QTD000446.cc.tsv.gz
QTD000447	eQTL	gs://finngen-commons/eqtl_catalogue/r6/sumstats/QTD000447.cc.tsv.gz
QTD000448	sQTL	gs://finngen-commons/eqtl_catalogue/r6/sumstats/QTD000448.cc.tsv.gz
QTD000449	eQTL	gs://finngen-commons/eqtl_catalogue/r6/sumstats/QTD000449.all.tsv.gz
QTD000450	eQTL	gs://finngen-commons/eqtl_catalogue/r6/sumstats/QTD000450.cc.tsv.gz
QTD000451	eQTL	gs://finngen-commons/eqtl_catalogue/r6/sumstats/QTD000451.cc.tsv.gz
QTD000452	eQTL	gs://finngen-commons/eqtl_catalogue/r6/sumstats/QTD000452.cc.tsv.gz
QTD000453	sQTL	gs://finngen-commons/eqtl_catalogue/r6/sumstats/QTD000453.cc.tsv.gz
QTD000454	eQTL	gs://finngen-commons/eqtl_catalogue/r6/sumstats/QTD000454.all.tsv.gz
QTD000455	eQTL	gs://finngen-commons/eqtl_catalogue/r6/sumstats/QTD000455.cc.tsv.gz
QTD000456	eQTL	gs://finngen-commons/eqtl_catalogue/r6/sumstats/QTD000456.cc.tsv.gz
QTD000457	eQTL	gs://finngen-commons/eqtl_catalogue/r6/sumstats/QTD000457.cc.tsv.gz
QTD000458	sQTL	gs://finngen-commons/eqtl_catalogue/r6/sumstats/QTD000458.cc.tsv.gz
QTD000459	eQTL	gs://finngen-commons/eqtl_catalogue/r6/sumstats/QTD000459.all.tsv.gz
QTD000460	eQTL	gs://finngen-commons/eqtl_catalogue/r6/sumstats/QTD000460.cc.tsv.gz
QTD000461	eQTL	gs://finngen-commons/eqtl_catalogue/r6/sumstats/QTD000461.cc.tsv.gz
QTD000462	eQTL	gs://finngen-commons/eqtl_catalogue/r6/sumstats/QTD000462.cc.tsv.gz
QTD000463	sQTL	gs://finngen-commons/eqtl_catalogue/r6/sumstats/QTD000463.cc.tsv.gz
QTD000464	eQTL	gs://finngen-commons/eqtl_catalogue/r6/sumstats/QTD000464.all.tsv.gz
QTD000465	eQTL	gs://finngen-commons/eqtl_catalogue/r6/sumstats/QTD000465.cc.tsv.gz
QTD000466	eQTL	gs://finngen-commons/eqtl_catalogue/r6/sumstats/QTD000466.cc.tsv.gz
QTD000467	eQTL	gs://finngen-commons/eqtl_catalogue/r6/sumstats/QTD000467.cc.tsv.gz
QTD000468	sQTL	gs://finngen-commons/eqtl_catalogue/r6/sumstats/QTD000468.cc.tsv.gz
QTD000469	eQTL	gs://finngen-commons/eqtl_catalogue/r6/sumstats/QTD000469.all.tsv.gz
QTD000470	eQTL	gs://finngen-commons/eqtl_catalogue/r6/sumstats/QTD000470.cc.tsv.gz
QTD000471	eQTL	gs://finngen-commons/eqtl_catalogue/r6/sumstats/QTD000471.cc.tsv.gz
QTD000472	eQTL	gs://finngen-commons/eqtl_catalogue/r6/sumstats/QTD000472.cc.tsv.gz
QTD000473	sQTL	gs://finngen-commons/eqtl_catalogue/r6/sumstats/QTD000473.cc.tsv.gz
QTD000474	eQTL	gs://finngen-commons/eqtl_catalogue/r6/sumstats/QTD000474.all.tsv.gz
QTD000475	eQTL	gs://finngen-commons/eqtl_catalogue/r6/sumstats/QTD000475.cc.tsv.gz
QTD000476	eQTL	gs://finngen-commons/eqtl_catalogue/r6/sumstats/QTD000476.cc.tsv.gz
QTD000477	eQTL	gs://finngen-commons/eqtl_catalogue/r6/sumstats/QTD000477.cc.tsv.gz
QTD000478	sQTL	gs://finngen-commons/eqtl_catalogue/r6/sumstats/QTD000478.cc.tsv.gz
QTD000479	eQTL	gs://finngen-commons/eqtl_catalogue/r6/sumstats/QTD000479.all.tsv.gz
QTD000480	eQTL	gs://finngen-commons/eqtl_catalogue/r6/sumstats/QTD000480.cc.tsv.gz
QTD000481	eQTL	gs://finngen-commons/eqtl_catalogue/r6/sumstats/QTD000481.cc.tsv.gz
QTD000482	eQTL	gs://finngen-commons/eqtl_catalogue/r6/sumstats/QTD000482.cc.tsv.gz
QTD000483	sQTL	gs://finngen-commons/eqtl_catalogue/r6/sumstats/QTD000483.cc.tsv.gz
QTD000484	eQTL	gs://finngen-commons/eqtl_catalogue/r6/sumstats/QTD000484.all.tsv.gz
QTD000485	eQTL	gs://finngen-commons/eqtl_catalogue/r6/sumstats/QTD000485.cc.tsv.gz
QTD000486	eQTL	gs://finngen-commons/eqtl_catalogue/r6/sumstats/QTD000486.cc.tsv.gz
QTD000487	eQTL	gs://finngen-commons/eqtl_catalogue/r6/sumstats/QTD000487.cc.tsv.gz
QTD000488	sQTL	gs://finngen-commons/eqtl_catalogue/r6/sumstats/QTD000488.cc.tsv.gz
QTD000489	eQTL	gs://finngen-commons/eqtl_catalogue/r6/sumstats/QTD000489.all.tsv.gz
QTD000490	eQTL	gs://finngen-commons/eqtl_catalogue/r6/sumstats/QTD000490.cc.tsv.gz
QTD000491	eQTL	gs://finngen-commons/eqtl_catalogue/r6/sumstats/QTD000491.cc.tsv.gz
QTD000492	eQTL	gs://finngen-commons/eqtl_catalogue/r6/sumstats/QTD000492.cc.tsv.gz
QTD000493	sQTL	gs://finngen-commons/eqtl_catalogue/r6/sumstats/QTD000493.cc.tsv.gz
QTD000494	eQTL	gs://finngen-commons/eqtl_catalogue/r6/sumstats/QTD000494.all.tsv.gz
QTD000495	eQTL	gs://finngen-commons/eqtl_catalogue/r6/sumstats/QTD000495.cc.tsv.gz
QTD000496	eQTL	gs://finngen-commons/eqtl_catalogue/r6/sumstats/QTD000496.cc.tsv.gz
QTD000497	eQTL	gs://finngen-commons/eqtl_catalogue/r6/sumstats/QTD000497.cc.tsv.gz
QTD000498	sQTL	gs://finngen-commons/eqtl_catalogue/r6/sumstats/QTD000498.cc.tsv.gz
QTD000499	eQTL	gs://finngen-commons/eqtl_catalogue/r6/sumstats/QTD000499.all.tsv.gz
QTD000500	eQTL	gs://finngen-commons/eqtl_catalogue/r6/sumstats/QTD000500.cc.tsv.gz
QTD000501	eQTL	gs://finngen-commons/eqtl_catalogue/r6/sumstats/QTD000501.cc.tsv.gz
QTD000502	eQTL	gs://finngen-commons/eqtl_catalogue/r6/sumstats/QTD000502.cc.tsv.gz
QTD000503	sQTL	gs://finngen-commons/eqtl_catalogue/r6/sumstats/QTD000503.cc.tsv.gz
QTD000504	eQTL	gs://finngen-commons/eqtl_catalogue/r6/sumstats/QTD000504.all.tsv.gz
QTD000505	eQTL	gs://finngen-commons/eqtl_catalogue/r6/sumstats/QTD000505.cc.tsv.gz
QTD000506	eQTL	gs://finngen-commons/eqtl_catalogue/r6/sumstats/QTD000506.cc.tsv.gz
QTD000507	eQTL	gs://finngen-commons/eqtl_catalogue/r6/sumstats/QTD000507.cc.tsv.gz
QTD000508	sQTL	gs://finngen-commons/eqtl_catalogue/r6/sumstats/QTD000508.cc.tsv.gz
QTD000509	eQTL	gs://finngen-commons/eqtl_catalogue/r6/sumstats/QTD000509.all.tsv.gz
QTD000510	eQTL	gs://finngen-commons/eqtl_catalogue/r6/sumstats/QTD000510.cc.tsv.gz
QTD000511	eQTL	gs://finngen-commons/eqtl_catalogue/r6/sumstats/QTD000511.cc.tsv.gz
QTD000512	eQTL	gs://finngen-commons/eqtl_catalogue/r6/sumstats/QTD000512.cc.tsv.gz
QTD000513	sQTL	gs://finngen-commons/eqtl_catalogue/r6/sumstats/QTD000513.cc.tsv.gz
QTD000514	eQTL	gs://finngen-commons/eqtl_catalogue/r6/sumstats/QTD000514.all.tsv.gz
QTD000515	eQTL	gs://finngen-commons/eqtl_catalogue/r6/sumstats/QTD000515.cc.tsv.gz
QTD000516	eQTL	gs://finngen-commons/eqtl_catalogue/r6/sumstats/QTD000516.cc.tsv.gz
QTD000517	eQTL	gs://finngen-commons/eqtl_catalogue/r6/sumstats/QTD000517.cc.tsv.gz
QTD000518	sQTL	gs://finngen-commons/eqtl_catalogue/r6/sumstats/QTD000518.cc.tsv.gz
QTD000519	eQTL	gs://finngen-commons/eqtl_catalogue/r6/sumstats/QTD000519.all.tsv.gz
QTD000520	eQTL	gs://finngen-commons/eqtl_catalogue/r6/sumstats/QTD000520.cc.tsv.gz
QTD000521	eQTL	gs://finngen-commons/eqtl_catalogue/r6/sumstats/QTD000521.cc.tsv.gz
QTD000522	eQTL	gs://finngen-commons/eqtl_catalogue/r6/sumstats/QTD000522.cc.tsv.gz
QTD000523	sQTL	gs://finngen-commons/eqtl_catalogue/r6/sumstats/QTD000523.cc.tsv.gz
QTD000524	eQTL	gs://finngen-commons/eqtl_catalogue/r6/sumstats/QTD000524.all.tsv.gz
QTD000525	eQTL	gs://finngen-commons/eqtl_catalogue/r6/sumstats/QTD000525.cc.tsv.gz
QTD000526	eQTL	gs://finngen-commons/eqtl_catalogue/r6/sumstats/QTD000526.cc.tsv.gz
QTD000527	eQTL	gs://finngen-commons/eqtl_catalogue/r6/sumstats/QTD000527.cc.tsv.gz
QTD000528	sQTL	gs://finngen-commons/eqtl_catalogue/r6/sumstats/QTD000528.cc.tsv.gz
QTD000529	eQTL	gs://finngen-commons/eqtl_catalogue/r6/sumstats/QTD000529.all.tsv.gz
QTD000530	eQTL	gs://finngen-commons/eqtl_catalogue/r6/sumstats/QTD000530.cc.tsv.gz
QTD000531	eQTL	gs://finngen-commons/eqtl_catalogue/r6/sumstats/QTD000531.cc.tsv.gz
QTD000532	eQTL	gs://finngen-commons/eqtl_catalogue/r6/sumstats/QTD000532.cc.tsv.gz
QTD000533	sQTL	gs://finngen-commons/eqtl_catalogue/r6/sumstats/QTD000533.cc.tsv.gz
QTD000534	eQTL	gs://finngen-commons/eqtl_catalogue/r6/sumstats/QTD000534.all.tsv.gz
QTD000535	eQTL	gs://finngen-commons/eqtl_catalogue/r6/sumstats/QTD000535.cc.tsv.gz
QTD000536	eQTL	gs://finngen-commons/eqtl_catalogue/r6/sumstats/QTD000536.cc.tsv.gz
QTD000537	eQTL	gs://finngen-commons/eqtl_catalogue/r6/sumstats/QTD000537.cc.tsv.gz
QTD000538	sQTL	gs://finngen-commons/eqtl_catalogue/r6/sumstats/QTD000538.cc.tsv.gz
QTD000539	eQTL	gs://finngen-commons/eqtl_catalogue/r6/sumstats/QTD000539.all.tsv.gz
QTD000540	eQTL	gs://finngen-commons/eqtl_catalogue/r6/sumstats/QTD000540.cc.tsv.gz
QTD000541	eQTL	gs://finngen-commons/eqtl_catalogue/r6/sumstats/QTD000541.cc.tsv.gz
QTD000542	eQTL	gs://finngen-commons/eqtl_catalogue/r6/sumstats/QTD000542.cc.tsv.gz
QTD000543	sQTL	gs://finngen-commons/eqtl_catalogue/r6/sumstats/QTD000543.cc.tsv.gz
QTD000544	eQTL	gs://finngen-commons/eqtl_catalogue/r6/sumstats/QTD000544.all.tsv.gz
QTD000545	eQTL	gs://finngen-commons/eqtl_catalogue/r6/sumstats/QTD000545.cc.tsv.gz
QTD000546	eQTL	gs://finngen-commons/eqtl_catalogue/r6/sumstats/QTD000546.cc.tsv.gz
QTD000547	eQTL	gs://finngen-commons/eqtl_catalogue/r6/sumstats/QTD000547.cc.tsv.gz
QTD000548	sQTL	gs://finngen-commons/eqtl_catalogue/r6/sumstats/QTD000548.cc.tsv.gz
QTD000549	eQTL	gs://finngen-commons/eqtl_catalogue/r6/sumstats/QTD000549.all.tsv.gz
QTD000550	eQTL	gs://finngen-commons/eqtl_catalogue/r6/sumstats/QTD000550.cc.tsv.gz
QTD000551	eQTL	gs://finngen-commons/eqtl_catalogue/r6/sumstats/QTD000551.cc.tsv.gz
QTD000552	eQTL	gs://finngen-commons/eqtl_catalogue/r6/sumstats/QTD000552.cc.tsv.gz
QTD000553	sQTL	gs://finngen-commons/eqtl_catalogue/r6/sumstats/QTD000553.cc.tsv.gz
QTD000554	eQTL	gs://finngen-commons/eqtl_catalogue/r6/sumstats/QTD000554.all.tsv.gz
QTD000555	eQTL	gs://finngen-commons/eqtl_catalogue/r6/sumstats/QTD000555.cc.tsv.gz
QTD000556	eQTL	gs://finngen-commons/eqtl_catalogue/r6/sumstats/QTD000556.cc.tsv.gz
QTD000557	eQTL	gs://finngen-commons/eqtl_catalogue/r6/sumstats/QTD000557.cc.tsv.gz
QTD000558	sQTL	gs://finngen-commons/eqtl_catalogue/r6/sumstats/QTD000558.cc.tsv.gz
QTD000559	eQTL	gs://finngen-commons/eqtl_catalogue/r6/sumstats/QTD000559.all.tsv.gz
QTD000560	eQTL	gs://finngen-commons/eqtl_catalogue/r6/sumstats/QTD000560.cc.tsv.gz
QTD000561	eQTL	gs://finngen-commons/eqtl_catalogue/r6/sumstats/QTD000561.cc.tsv.gz
QTD000562	eQTL	gs://finngen-commons/eqtl_catalogue/r6/sumstats/QTD000562.cc.tsv.gz
QTD000563	sQTL	gs://finngen-commons/eqtl_catalogue/r6/sumstats/QTD000563.cc.tsv.gz
QTD000584	pQTL	gs://finngen-commons/eqtl_catalogue/r6/sumstats/QTD000584.cc.tsv.gz
