FinnGen_R8	GWAS	/disks/data/merge/finemap/fg/AB1_AMOEBIASIS.SUSIE.munged.tsv
FinnGen_R8	GWAS	/disks/data/merge/finemap/fg/AB1_ATYPICAL_CNS_VIRUS.SUSIE.munged.tsv
FinnGen_R8	GWAS	/disks/data/merge/finemap/fg/AB1_BACTINF_NOS.SUSIE.munged.tsv
FinnGen_R8	GWAS	/disks/data/merge/finemap/fg/AB1_CHLAMYDIA_OTHER.SUSIE.munged.tsv
FinnGen_R8	GWAS	/disks/data/merge/finemap/fg/AB1_DERMATOPHYTOSIS.SUSIE.munged.tsv
FinnGen_R8	GWAS	/disks/data/merge/finemap/fg/AB1_EBV.SUSIE.munged.tsv
FinnGen_R8	GWAS	/disks/data/merge/finemap/fg/AB1_ERYSIPELAS.SUSIE.munged.tsv
FinnGen_R8	GWAS	/disks/data/merge/finemap/fg/AB1_HELMINTIASES.SUSIE.munged.tsv
FinnGen_R8	GWAS	/disks/data/merge/finemap/fg/AB1_HIV_NOS.SUSIE.munged.tsv
FinnGen_R8	GWAS	/disks/data/merge/finemap/fg/AB1_INTESTINAL_INFECTIONS.SUSIE.munged.tsv
FinnGen_R8	GWAS	/disks/data/merge/finemap/fg/AB1_MALARIA.SUSIE.munged.tsv
FinnGen_R8	GWAS	/disks/data/merge/finemap/fg/AB1_MEASLES.SUSIE.munged.tsv
FinnGen_R8	GWAS	/disks/data/merge/finemap/fg/AB1_MYCOSES.SUSIE.munged.tsv
FinnGen_R8	GWAS	/disks/data/merge/finemap/fg/AB1_OTHER_BACTERIAL.SUSIE.munged.tsv
FinnGen_R8	GWAS	/disks/data/merge/finemap/fg/AB1_OTHER_INFECTIONS.SUSIE.munged.tsv
FinnGen_R8	GWAS	/disks/data/merge/finemap/fg/AB1_OTHER_MYCOBAC.SUSIE.munged.tsv
FinnGen_R8	GWAS	/disks/data/merge/finemap/fg/AB1_OTHER_SEPSIS.SUSIE.munged.tsv
FinnGen_R8	GWAS	/disks/data/merge/finemap/fg/AB1_OTHER_SPIROCHAETAL.SUSIE.munged.tsv
FinnGen_R8	GWAS	/disks/data/merge/finemap/fg/AB1_OTHER_SUPERF_MYCOSIS.SUSIE.munged.tsv
FinnGen_R8	GWAS	/disks/data/merge/finemap/fg/AB1_SCABIES.SUSIE.munged.tsv
FinnGen_R8	GWAS	/disks/data/merge/finemap/fg/AB1_SCARLET_FEVER.SUSIE.munged.tsv
FinnGen_R8	GWAS	/disks/data/merge/finemap/fg/AB1_TUBERCULOSIS.SUSIE.munged.tsv
FinnGen_R8	GWAS	/disks/data/merge/finemap/fg/AB1_VIRAL_ENCEPHALITIS_NOS.SUSIE.munged.tsv
FinnGen_R8	GWAS	/disks/data/merge/finemap/fg/AB1_VIRAL_OTHER_INTEST_INFECTIONS.SUSIE.munged.tsv
FinnGen_R8	GWAS	/disks/data/merge/finemap/fg/AB1_VIRAL_SKIN_MUCOUS_MEMBRANE.SUSIE.munged.tsv
FinnGen_R8	GWAS	/disks/data/merge/finemap/fg/AB1_VIRAL_WARTS.SUSIE.munged.tsv
FinnGen_R8	GWAS	/disks/data/merge/finemap/fg/AB1_WHOOPCOUGH.SUSIE.munged.tsv
FinnGen_R8	GWAS	/disks/data/merge/finemap/fg/ABDOM_HERNIA.SUSIE.munged.tsv
FinnGen_R8	GWAS	/disks/data/merge/finemap/fg/ABDOM_HERNIA_POSTOP.SUSIE.munged.tsv
FinnGen_R8	GWAS	/disks/data/merge/finemap/fg/AD_AM_EXMORE.SUSIE.munged.tsv
FinnGen_R8	GWAS	/disks/data/merge/finemap/fg/AD_EO_EXMORE.SUSIE.munged.tsv
FinnGen_R8	GWAS	/disks/data/merge/finemap/fg/AD_LO_EXMORE.SUSIE.munged.tsv
FinnGen_R8	GWAS	/disks/data/merge/finemap/fg/AD_U_EXMORE.SUSIE.munged.tsv
FinnGen_R8	GWAS	/disks/data/merge/finemap/fg/ALCOHOL_RELATED.SUSIE.munged.tsv
FinnGen_R8	GWAS	/disks/data/merge/finemap/fg/ALCOPANCACU.SUSIE.munged.tsv
FinnGen_R8	GWAS	/disks/data/merge/finemap/fg/ALCOPANCCHRON.SUSIE.munged.tsv
FinnGen_R8	GWAS	/disks/data/merge/finemap/fg/ALCO_PRESCRIPTION.SUSIE.munged.tsv
FinnGen_R8	GWAS	/disks/data/merge/finemap/fg/ALLERG_ASTHMA.SUSIE.munged.tsv
FinnGen_R8	GWAS	/disks/data/merge/finemap/fg/ALLERG_RHINITIS.SUSIE.munged.tsv
FinnGen_R8	GWAS	/disks/data/merge/finemap/fg/AMN2.SUSIE.munged.tsv
FinnGen_R8	GWAS	/disks/data/merge/finemap/fg/ANTIDEPRESSANTS.SUSIE.munged.tsv
FinnGen_R8	GWAS	/disks/data/merge/finemap/fg/APPENDACUT_COMPLIC.SUSIE.munged.tsv
FinnGen_R8	GWAS	/disks/data/merge/finemap/fg/APPENDACUT_NOCOMPLIC.SUSIE.munged.tsv
FinnGen_R8	GWAS	/disks/data/merge/finemap/fg/APPENDICITIS_BROAD.SUSIE.munged.tsv
FinnGen_R8	GWAS	/disks/data/merge/finemap/fg/ARTHRO_SPEC.SUSIE.munged.tsv
FinnGen_R8	GWAS	/disks/data/merge/finemap/fg/ASTHMA_ACUTE_RESPIRATORY_INFECTIONS.SUSIE.munged.tsv
FinnGen_R8	GWAS	/disks/data/merge/finemap/fg/ASTHMA_ALLERG.SUSIE.munged.tsv
FinnGen_R8	GWAS	/disks/data/merge/finemap/fg/ASTHMA_CHILD_EXMORE.SUSIE.munged.tsv
FinnGen_R8	GWAS	/disks/data/merge/finemap/fg/ASTHMA_EOSINOPHIL_SUGG.SUSIE.munged.tsv
FinnGen_R8	GWAS	/disks/data/merge/finemap/fg/ASTHMA_INFECTIONS.SUSIE.munged.tsv
FinnGen_R8	GWAS	/disks/data/merge/finemap/fg/ASTHMA_NAS.SUSIE.munged.tsv
FinnGen_R8	GWAS	/disks/data/merge/finemap/fg/ASTHMA_OBESITY.SUSIE.munged.tsv
FinnGen_R8	GWAS	/disks/data/merge/finemap/fg/ASTHMA_PNEUMONIA.SUSIE.munged.tsv
FinnGen_R8	GWAS	/disks/data/merge/finemap/fg/AUD.SUSIE.munged.tsv
FinnGen_R8	GWAS	/disks/data/merge/finemap/fg/AUD_SWEDISH.SUSIE.munged.tsv
FinnGen_R8	GWAS	/disks/data/merge/finemap/fg/AUTOIMMUNE.SUSIE.munged.tsv
FinnGen_R8	GWAS	/disks/data/merge/finemap/fg/AUTOIMMUNE_HYPERTHYROIDISM.SUSIE.munged.tsv
FinnGen_R8	GWAS	/disks/data/merge/finemap/fg/AUTOIMMUNE_NONTHYROID.SUSIE.munged.tsv
FinnGen_R8	GWAS	/disks/data/merge/finemap/fg/AUTOIMMUNE_NONTHYROID_STRICT.SUSIE.munged.tsv
FinnGen_R8	GWAS	/disks/data/merge/finemap/fg/BLEEDING.SUSIE.munged.tsv
FinnGen_R8	GWAS	/disks/data/merge/finemap/fg/BRONCHITIS.SUSIE.munged.tsv
FinnGen_R8	GWAS	/disks/data/merge/finemap/fg/BRUXISM.SUSIE.munged.tsv
FinnGen_R8	GWAS	/disks/data/merge/finemap/fg/C3_ANUS_ANALCANAL_EXALLC.SUSIE.munged.tsv
FinnGen_R8	GWAS	/disks/data/merge/finemap/fg/C3_BASAL_CELL_CARCINOMA_EXALLC.SUSIE.munged.tsv
FinnGen_R8	GWAS	/disks/data/merge/finemap/fg/C3_BASAL_CELL_CARCINOMA_INCLAVO_EXALLC.SUSIE.munged.tsv
FinnGen_R8	GWAS	/disks/data/merge/finemap/fg/C3_BLADDER_EXALLC.SUSIE.munged.tsv
FinnGen_R8	GWAS	/disks/data/merge/finemap/fg/C3_BONE_CARTILAGE_EXALLC.SUSIE.munged.tsv
FinnGen_R8	GWAS	/disks/data/merge/finemap/fg/C3_BRAIN_EXALLC.SUSIE.munged.tsv
FinnGen_R8	GWAS	/disks/data/merge/finemap/fg/C3_BREAST_EXALLC.SUSIE.munged.tsv
FinnGen_R8	GWAS	/disks/data/merge/finemap/fg/C3_BREAST_HER2NEG_EXALLC.SUSIE.munged.tsv
FinnGen_R8	GWAS	/disks/data/merge/finemap/fg/C3_BREAST_HERNEG_EXALLC.SUSIE.munged.tsv
FinnGen_R8	GWAS	/disks/data/merge/finemap/fg/C3_BREAST_HERPLUS_EXALLC.SUSIE.munged.tsv
FinnGen_R8	GWAS	/disks/data/merge/finemap/fg/C3_BRONCHUS_LUNG_EXALLC.SUSIE.munged.tsv
FinnGen_R8	GWAS	/disks/data/merge/finemap/fg/C3_CANCER_EXALLC.SUSIE.munged.tsv
FinnGen_R8	GWAS	/disks/data/merge/finemap/fg/C3_CERVIX_UTERI_EXALLC.SUSIE.munged.tsv
FinnGen_R8	GWAS	/disks/data/merge/finemap/fg/C3_CLL_EXALLC.SUSIE.munged.tsv
FinnGen_R8	GWAS	/disks/data/merge/finemap/fg/C3_CML_EXALLC.SUSIE.munged.tsv
FinnGen_R8	GWAS	/disks/data/merge/finemap/fg/C3_COLON_ADENO_EXALLC.SUSIE.munged.tsv
FinnGen_R8	GWAS	/disks/data/merge/finemap/fg/C3_COLON_EXALLC.SUSIE.munged.tsv
FinnGen_R8	GWAS	/disks/data/merge/finemap/fg/C3_COLORECTAL_EXALLC.SUSIE.munged.tsv
FinnGen_R8	GWAS	/disks/data/merge/finemap/fg/C3_DIGESTIVE_ORGANS_EXALLC.SUSIE.munged.tsv
FinnGen_R8	GWAS	/disks/data/merge/finemap/fg/C3_DLBCL_EXALLC.SUSIE.munged.tsv
FinnGen_R8	GWAS	/disks/data/merge/finemap/fg/C3_ENDOCRINE_EXALLC.SUSIE.munged.tsv
FinnGen_R8	GWAS	/disks/data/merge/finemap/fg/C3_EYE_ADNEXA_EXALLC.SUSIE.munged.tsv
FinnGen_R8	GWAS	/disks/data/merge/finemap/fg/C3_KIDNEY_NOTRENALPELVIS_EXALLC.SUSIE.munged.tsv
FinnGen_R8	GWAS	/disks/data/merge/finemap/fg/C3_LARYNX_EXALLC.SUSIE.munged.tsv
FinnGen_R8	GWAS	/disks/data/merge/finemap/fg/C3_LIP_EXALLC.SUSIE.munged.tsv
FinnGen_R8	GWAS	/disks/data/merge/finemap/fg/C3_LIVER_INTRAHEPATIC_BILE_DUCTS_EXALLC.SUSIE.munged.tsv
FinnGen_R8	GWAS	/disks/data/merge/finemap/fg/C3_LUNG_NONSMALL_EXALLC.SUSIE.munged.tsv
FinnGen_R8	GWAS	/disks/data/merge/finemap/fg/C3_MALE_GENITAL_EXALLC.SUSIE.munged.tsv
FinnGen_R8	GWAS	/disks/data/merge/finemap/fg/C3_MELANOMA_EXALLC.SUSIE.munged.tsv
FinnGen_R8	GWAS	/disks/data/merge/finemap/fg/C3_MELANOMA_SKIN_EXALLC.SUSIE.munged.tsv
FinnGen_R8	GWAS	/disks/data/merge/finemap/fg/C3_NSCLC_ADENO_EXALLC.SUSIE.munged.tsv
FinnGen_R8	GWAS	/disks/data/merge/finemap/fg/C3_NSCLC_SQUAM_EXALLC.SUSIE.munged.tsv
FinnGen_R8	GWAS	/disks/data/merge/finemap/fg/C3_OTHER_SKIN_EXALLC.SUSIE.munged.tsv
FinnGen_R8	GWAS	/disks/data/merge/finemap/fg/C3_OVARY_EXALLC.SUSIE.munged.tsv
FinnGen_R8	GWAS	/disks/data/merge/finemap/fg/C3_PANCREAS_EXALLC.SUSIE.munged.tsv
FinnGen_R8	GWAS	/disks/data/merge/finemap/fg/C3_PROSTATE_EXALLC.SUSIE.munged.tsv
FinnGen_R8	GWAS	/disks/data/merge/finemap/fg/C3_RECTUM_ADENO.SUSIE.munged.tsv
FinnGen_R8	GWAS	/disks/data/merge/finemap/fg/C3_RECTUM_EXALLC.SUSIE.munged.tsv
FinnGen_R8	GWAS	/disks/data/merge/finemap/fg/C3_RESPIRATORY_INTRATHORACIC_EXALLC.SUSIE.munged.tsv
FinnGen_R8	GWAS	/disks/data/merge/finemap/fg/C3_SKIN_EXALLC.SUSIE.munged.tsv
FinnGen_R8	GWAS	/disks/data/merge/finemap/fg/C3_SMALL_INTESTINE_EXALLC.SUSIE.munged.tsv
FinnGen_R8	GWAS	/disks/data/merge/finemap/fg/C3_SPINAL_CORD_CRANIAL_AND_OTHER_CNS_EXALLC.SUSIE.munged.tsv
FinnGen_R8	GWAS	/disks/data/merge/finemap/fg/C3_SQUOMOUS_CELL_CARCINOMA_SKIN_EXALLC.SUSIE.munged.tsv
FinnGen_R8	GWAS	/disks/data/merge/finemap/fg/C3_STOMACH_EXALLC.SUSIE.munged.tsv
FinnGen_R8	GWAS	/disks/data/merge/finemap/fg/C3_TESTIS_EXALLC.SUSIE.munged.tsv
FinnGen_R8	GWAS	/disks/data/merge/finemap/fg/C3_THYROID_GLAND_EXALLC.SUSIE.munged.tsv
FinnGen_R8	GWAS	/disks/data/merge/finemap/fg/C3_URINARY_TRACT_EXALLC.SUSIE.munged.tsv
FinnGen_R8	GWAS	/disks/data/merge/finemap/fg/CARDIAC_ARRHYTM.SUSIE.munged.tsv
FinnGen_R8	GWAS	/disks/data/merge/finemap/fg/CD2_BENIGN_ADRENAL.SUSIE.munged.tsv
FinnGen_R8	GWAS	/disks/data/merge/finemap/fg/CD2_BENIGN_APPENDIX.SUSIE.munged.tsv
FinnGen_R8	GWAS	/disks/data/merge/finemap/fg/CD2_BENIGN_ASCENDING_COLON.SUSIE.munged.tsv
FinnGen_R8	GWAS	/disks/data/merge/finemap/fg/CD2_BENIGN_BRAIN_CNS.SUSIE.munged.tsv
FinnGen_R8	GWAS	/disks/data/merge/finemap/fg/CD2_BENIGN_BREAST.SUSIE.munged.tsv
FinnGen_R8	GWAS	/disks/data/merge/finemap/fg/CD2_BENIGN_CAECUM.SUSIE.munged.tsv
FinnGen_R8	GWAS	/disks/data/merge/finemap/fg/CD2_BENIGN_CHOROID.SUSIE.munged.tsv
FinnGen_R8	GWAS	/disks/data/merge/finemap/fg/CD2_BENIGN_COLON.SUSIE.munged.tsv
FinnGen_R8	GWAS	/disks/data/merge/finemap/fg/CD2_BENIGN_COLON_NOS.SUSIE.munged.tsv
FinnGen_R8	GWAS	/disks/data/merge/finemap/fg/CD2_BENIGN_COLORECANI.SUSIE.munged.tsv
FinnGen_R8	GWAS	/disks/data/merge/finemap/fg/CD2_BENIGN_CONNSOFT_TRUNK.SUSIE.munged.tsv
FinnGen_R8	GWAS	/disks/data/merge/finemap/fg/CD2_BENIGN_CONNSOFT_UPPERLIMB.SUSIE.munged.tsv
FinnGen_R8	GWAS	/disks/data/merge/finemap/fg/CD2_BENIGN_CRANIAL_NERVE.SUSIE.munged.tsv
FinnGen_R8	GWAS	/disks/data/merge/finemap/fg/CD2_BENIGN_DUODENUM.SUSIE.munged.tsv
FinnGen_R8	GWAS	/disks/data/merge/finemap/fg/CD2_BENIGN_ENDOCRINE_OTH.SUSIE.munged.tsv
FinnGen_R8	GWAS	/disks/data/merge/finemap/fg/CD2_BENIGN_KIDNEY.SUSIE.munged.tsv
FinnGen_R8	GWAS	/disks/data/merge/finemap/fg/CD2_BENIGN_LEIOMYOMA_UTERI.SUSIE.munged.tsv
FinnGen_R8	GWAS	/disks/data/merge/finemap/fg/CD2_BENIGN_LIPOMATOUS.SUSIE.munged.tsv
FinnGen_R8	GWAS	/disks/data/merge/finemap/fg/CD2_BENIGN_LIPO_SKIN_LIMBS.SUSIE.munged.tsv
FinnGen_R8	GWAS	/disks/data/merge/finemap/fg/CD2_BENIGN_LIPO_SKIN_TRUNK.SUSIE.munged.tsv
FinnGen_R8	GWAS	/disks/data/merge/finemap/fg/CD2_BENIGN_LYMPHANGIOMA.SUSIE.munged.tsv
FinnGen_R8	GWAS	/disks/data/merge/finemap/fg/CD2_BENIGN_MELANOCYTIC.SUSIE.munged.tsv
FinnGen_R8	GWAS	/disks/data/merge/finemap/fg/CD2_BENIGN_MELANOCYTIC_LIP.SUSIE.munged.tsv
FinnGen_R8	GWAS	/disks/data/merge/finemap/fg/CD2_BENIGN_MELANOCYTIC_NOS.SUSIE.munged.tsv
FinnGen_R8	GWAS	/disks/data/merge/finemap/fg/CD2_BENIGN_MELANOCYTIC_TRUNK.SUSIE.munged.tsv
FinnGen_R8	GWAS	/disks/data/merge/finemap/fg/CD2_BENIGN_MENINGES.SUSIE.munged.tsv
FinnGen_R8	GWAS	/disks/data/merge/finemap/fg/CD2_BENIGN_MENINGES_CEREBRAL.SUSIE.munged.tsv
FinnGen_R8	GWAS	/disks/data/merge/finemap/fg/CD2_BENIGN_ORBIT_NOS.SUSIE.munged.tsv
FinnGen_R8	GWAS	/disks/data/merge/finemap/fg/CD2_BENIGN_OVARY.SUSIE.munged.tsv
FinnGen_R8	GWAS	/disks/data/merge/finemap/fg/CD2_BENIGN_PANCREAS.SUSIE.munged.tsv
FinnGen_R8	GWAS	/disks/data/merge/finemap/fg/CD2_BENIGN_PERIPH_AUTO_NEURO.SUSIE.munged.tsv
FinnGen_R8	GWAS	/disks/data/merge/finemap/fg/CD2_BENIGN_PITUITARY_CRANIPHAR.SUSIE.munged.tsv
FinnGen_R8	GWAS	/disks/data/merge/finemap/fg/CD2_BENIGN_RECTUM.SUSIE.munged.tsv
FinnGen_R8	GWAS	/disks/data/merge/finemap/fg/CD2_BENIGN_RECTUM_ANAL.SUSIE.munged.tsv
FinnGen_R8	GWAS	/disks/data/merge/finemap/fg/CD2_BENIGN_SIGMOID_COLON.SUSIE.munged.tsv
FinnGen_R8	GWAS	/disks/data/merge/finemap/fg/CD2_BENIGN_SKIN.SUSIE.munged.tsv
FinnGen_R8	GWAS	/disks/data/merge/finemap/fg/CD2_BENIGN_THYROID.SUSIE.munged.tsv
FinnGen_R8	GWAS	/disks/data/merge/finemap/fg/CD2_BENIGN_URINARY.SUSIE.munged.tsv
FinnGen_R8	GWAS	/disks/data/merge/finemap/fg/CD2_BENIGN_UTERUS_NOS.SUSIE.munged.tsv
FinnGen_R8	GWAS	/disks/data/merge/finemap/fg/CD2_BENIGN_UTERUS_OTH.SUSIE.munged.tsv
FinnGen_R8	GWAS	/disks/data/merge/finemap/fg/CD2_FOLLICULAR_LYMPHOMA_EXALLC.SUSIE.munged.tsv
FinnGen_R8	GWAS	/disks/data/merge/finemap/fg/CD2_IMMUNOPROLIFERATIVE_EXALLC.SUSIE.munged.tsv
FinnGen_R8	GWAS	/disks/data/merge/finemap/fg/CD2_LEUKAEMIA_NAS_EXALLC.SUSIE.munged.tsv
FinnGen_R8	GWAS	/disks/data/merge/finemap/fg/CD2_LYMPHOID_LEUKAEMIA_EXALLC.SUSIE.munged.tsv
FinnGen_R8	GWAS	/disks/data/merge/finemap/fg/CD2_NONFOLLICULAR_LYMPHOMA_EXALLC.SUSIE.munged.tsv
FinnGen_R8	GWAS	/disks/data/merge/finemap/fg/CD2_PRIMARY_LYMPHOID_HEMATOPOIETIC_EXALLC.SUSIE.munged.tsv
FinnGen_R8	GWAS	/disks/data/merge/finemap/fg/CHARCOT.SUSIE.munged.tsv
FinnGen_R8	GWAS	/disks/data/merge/finemap/fg/CHILDHOOD_ALLERGY.SUSIE.munged.tsv
FinnGen_R8	GWAS	/disks/data/merge/finemap/fg/CHIRHEP_NAS.SUSIE.munged.tsv
FinnGen_R8	GWAS	/disks/data/merge/finemap/fg/CHOLELITH_BROAD.SUSIE.munged.tsv
FinnGen_R8	GWAS	/disks/data/merge/finemap/fg/CHRONLARGE.SUSIE.munged.tsv
FinnGen_R8	GWAS	/disks/data/merge/finemap/fg/CHRONMYELOPRO.SUSIE.munged.tsv
FinnGen_R8	GWAS	/disks/data/merge/finemap/fg/CHRONNAS.SUSIE.munged.tsv
FinnGen_R8	GWAS	/disks/data/merge/finemap/fg/CHRONOTH.SUSIE.munged.tsv
FinnGen_R8	GWAS	/disks/data/merge/finemap/fg/CHRONSMALL.SUSIE.munged.tsv
FinnGen_R8	GWAS	/disks/data/merge/finemap/fg/CIRRHOSIS_BROAD.SUSIE.munged.tsv
FinnGen_R8	GWAS	/disks/data/merge/finemap/fg/CONGEN_HEART_ARTER.SUSIE.munged.tsv
FinnGen_R8	GWAS	/disks/data/merge/finemap/fg/COPD_EARLY.SUSIE.munged.tsv
FinnGen_R8	GWAS	/disks/data/merge/finemap/fg/COPD_INSUFFICIENCY.SUSIE.munged.tsv
FinnGen_R8	GWAS	/disks/data/merge/finemap/fg/COPD_LATER.SUSIE.munged.tsv
FinnGen_R8	GWAS	/disks/data/merge/finemap/fg/COPD_MODE.SUSIE.munged.tsv
FinnGen_R8	GWAS	/disks/data/merge/finemap/fg/COPD_OPPORTUNIST_INFECTIONS.SUSIE.munged.tsv
FinnGen_R8	GWAS	/disks/data/merge/finemap/fg/CPAP.SUSIE.munged.tsv
FinnGen_R8	GWAS	/disks/data/merge/finemap/fg/CREST.SUSIE.munged.tsv
FinnGen_R8	GWAS	/disks/data/merge/finemap/fg/C_DIFFICILE_ENTEROCOLITIS.SUSIE.munged.tsv
FinnGen_R8	GWAS	/disks/data/merge/finemap/fg/C_STROKE.SUSIE.munged.tsv
FinnGen_R8	GWAS	/disks/data/merge/finemap/fg/D3_ACQHAEMOLYTICANAEMIA.SUSIE.munged.tsv
FinnGen_R8	GWAS	/disks/data/merge/finemap/fg/D3_AGRANULOCYTOSIS.SUSIE.munged.tsv
FinnGen_R8	GWAS	/disks/data/merge/finemap/fg/D3_ANAEMIA.SUSIE.munged.tsv
FinnGen_R8	GWAS	/disks/data/merge/finemap/fg/D3_ANAEMIANAS.SUSIE.munged.tsv
FinnGen_R8	GWAS	/disks/data/merge/finemap/fg/D3_ANAEMIA_B12_DEF.SUSIE.munged.tsv
FinnGen_R8	GWAS	/disks/data/merge/finemap/fg/D3_ANAEMIA_FOLATEDEF.SUSIE.munged.tsv
FinnGen_R8	GWAS	/disks/data/merge/finemap/fg/D3_ANAEMIA_IRONDEF.SUSIE.munged.tsv
FinnGen_R8	GWAS	/disks/data/merge/finemap/fg/D3_ANAEMIA_IRONDEF_BLOODLOSS.SUSIE.munged.tsv
FinnGen_R8	GWAS	/disks/data/merge/finemap/fg/D3_ANAEMIA_IRONDEF_NAS.SUSIE.munged.tsv
FinnGen_R8	GWAS	/disks/data/merge/finemap/fg/D3_COAGDEF.SUSIE.munged.tsv
FinnGen_R8	GWAS	/disks/data/merge/finemap/fg/D3_COAGDEFNAS.SUSIE.munged.tsv
FinnGen_R8	GWAS	/disks/data/merge/finemap/fg/D3_COAGDEF_PURPUR_HAEMORRHAGIC.SUSIE.munged.tsv
FinnGen_R8	GWAS	/disks/data/merge/finemap/fg/D3_COAGOTHER.SUSIE.munged.tsv
FinnGen_R8	GWAS	/disks/data/merge/finemap/fg/D3_COMPLEMENTDEF.SUSIE.munged.tsv
FinnGen_R8	GWAS	/disks/data/merge/finemap/fg/D3_HAEMORRHAGCIRGUANTICO.SUSIE.munged.tsv
FinnGen_R8	GWAS	/disks/data/merge/finemap/fg/D3_HEREDOTHCLOFACTORS.SUSIE.munged.tsv
FinnGen_R8	GWAS	/disks/data/merge/finemap/fg/D3_IMMUNEMECHANISM.SUSIE.munged.tsv
FinnGen_R8	GWAS	/disks/data/merge/finemap/fg/D3_IMMUNEMECHANISMNAS.SUSIE.munged.tsv
FinnGen_R8	GWAS	/disks/data/merge/finemap/fg/D3_INFARCTSPLEEN.SUSIE.munged.tsv
FinnGen_R8	GWAS	/disks/data/merge/finemap/fg/D3_NONHEREDHYPOGAMMA.SUSIE.munged.tsv
FinnGen_R8	GWAS	/disks/data/merge/finemap/fg/D3_OTHERBLOOD.SUSIE.munged.tsv
FinnGen_R8	GWAS	/disks/data/merge/finemap/fg/D3_OTHERWHITECELL.SUSIE.munged.tsv
FinnGen_R8	GWAS	/disks/data/merge/finemap/fg/D3_OTHNONTHROMBOCYTOPENPURPURA.SUSIE.munged.tsv
FinnGen_R8	GWAS	/disks/data/merge/finemap/fg/D3_SARCOIDOSIS.SUSIE.munged.tsv
FinnGen_R8	GWAS	/disks/data/merge/finemap/fg/D3_VONVILLEBRAND.SUSIE.munged.tsv
FinnGen_R8	GWAS	/disks/data/merge/finemap/fg/D3_WHITEBLOODCELLNAS.SUSIE.munged.tsv
FinnGen_R8	GWAS	/disks/data/merge/finemap/fg/DEATH.SUSIE.munged.tsv
FinnGen_R8	GWAS	/disks/data/merge/finemap/fg/DENTAL_TMD.SUSIE.munged.tsv
FinnGen_R8	GWAS	/disks/data/merge/finemap/fg/DENTAL_TMD_FIBRO.SUSIE.munged.tsv
FinnGen_R8	GWAS	/disks/data/merge/finemap/fg/DM_HYPOGLYC.SUSIE.munged.tsv
FinnGen_R8	GWAS	/disks/data/merge/finemap/fg/DM_KETOACIDOSIS.SUSIE.munged.tsv
FinnGen_R8	GWAS	/disks/data/merge/finemap/fg/DM_MACULOPATHY_EXMORE.SUSIE.munged.tsv
FinnGen_R8	GWAS	/disks/data/merge/finemap/fg/DM_MONONEURO.SUSIE.munged.tsv
FinnGen_R8	GWAS	/disks/data/merge/finemap/fg/DM_NEOVASCULAR_GLAUCOMA.SUSIE.munged.tsv
FinnGen_R8	GWAS	/disks/data/merge/finemap/fg/DM_NEPHROPATHY_EXMORE.SUSIE.munged.tsv
FinnGen_R8	GWAS	/disks/data/merge/finemap/fg/DM_NEUROPATHY.SUSIE.munged.tsv
FinnGen_R8	GWAS	/disks/data/merge/finemap/fg/DM_PERIPH_ANGIOPATHY.SUSIE.munged.tsv
FinnGen_R8	GWAS	/disks/data/merge/finemap/fg/DM_POLYNEURO.SUSIE.munged.tsv
FinnGen_R8	GWAS	/disks/data/merge/finemap/fg/DM_RETINA_NOS.SUSIE.munged.tsv
FinnGen_R8	GWAS	/disks/data/merge/finemap/fg/DM_RETINA_PROLIF.SUSIE.munged.tsv
FinnGen_R8	GWAS	/disks/data/merge/finemap/fg/DM_RETINOPATHY_EXMORE.SUSIE.munged.tsv
FinnGen_R8	GWAS	/disks/data/merge/finemap/fg/DM_SEVERAL_COMPLICATIONS.SUSIE.munged.tsv
FinnGen_R8	GWAS	/disks/data/merge/finemap/fg/DM_VITREOUS_BLEEDING.SUSIE.munged.tsv
FinnGen_R8	GWAS	/disks/data/merge/finemap/fg/DRY_AMD.SUSIE.munged.tsv
FinnGen_R8	GWAS	/disks/data/merge/finemap/fg/E4_ADDISON.SUSIE.munged.tsv
FinnGen_R8	GWAS	/disks/data/merge/finemap/fg/E4_AMINO.SUSIE.munged.tsv
FinnGen_R8	GWAS	/disks/data/merge/finemap/fg/E4_AMYLNAS.SUSIE.munged.tsv
FinnGen_R8	GWAS	/disks/data/merge/finemap/fg/E4_ANTIDIU.SUSIE.munged.tsv
FinnGen_R8	GWAS	/disks/data/merge/finemap/fg/E4_CARBO.SUSIE.munged.tsv
FinnGen_R8	GWAS	/disks/data/merge/finemap/fg/E4_CONGEIOD.SUSIE.munged.tsv
FinnGen_R8	GWAS	/disks/data/merge/finemap/fg/E4_CUSHING.SUSIE.munged.tsv
FinnGen_R8	GWAS	/disks/data/merge/finemap/fg/E4_DELPUB.SUSIE.munged.tsv
FinnGen_R8	GWAS	/disks/data/merge/finemap/fg/E4_DISPUB.SUSIE.munged.tsv
FinnGen_R8	GWAS	/disks/data/merge/finemap/fg/E4_DM1COMA.SUSIE.munged.tsv
FinnGen_R8	GWAS	/disks/data/merge/finemap/fg/E4_DM1KETO.SUSIE.munged.tsv
FinnGen_R8	GWAS	/disks/data/merge/finemap/fg/E4_DM1NASCOMP.SUSIE.munged.tsv
FinnGen_R8	GWAS	/disks/data/merge/finemap/fg/E4_DM1NEU.SUSIE.munged.tsv
FinnGen_R8	GWAS	/disks/data/merge/finemap/fg/E4_DM1OPTH.SUSIE.munged.tsv
FinnGen_R8	GWAS	/disks/data/merge/finemap/fg/E4_DM1PERIPH.SUSIE.munged.tsv
FinnGen_R8	GWAS	/disks/data/merge/finemap/fg/E4_DM1REN.SUSIE.munged.tsv
FinnGen_R8	GWAS	/disks/data/merge/finemap/fg/E4_DM2COMA.SUSIE.munged.tsv
FinnGen_R8	GWAS	/disks/data/merge/finemap/fg/E4_DM2NASCOMP.SUSIE.munged.tsv
FinnGen_R8	GWAS	/disks/data/merge/finemap/fg/E4_DM2NEU.SUSIE.munged.tsv
FinnGen_R8	GWAS	/disks/data/merge/finemap/fg/E4_DM2OPTH.SUSIE.munged.tsv
FinnGen_R8	GWAS	/disks/data/merge/finemap/fg/E4_DM2PERIPH.SUSIE.munged.tsv
FinnGen_R8	GWAS	/disks/data/merge/finemap/fg/E4_DM2REN.SUSIE.munged.tsv
FinnGen_R8	GWAS	/disks/data/merge/finemap/fg/E4_DMNAS.SUSIE.munged.tsv
FinnGen_R8	GWAS	/disks/data/merge/finemap/fg/E4_DMNASNASCOMP.SUSIE.munged.tsv
FinnGen_R8	GWAS	/disks/data/merge/finemap/fg/E4_DMNASNOCOMP.SUSIE.munged.tsv
FinnGen_R8	GWAS	/disks/data/merge/finemap/fg/E4_ENDODIS.SUSIE.munged.tsv
FinnGen_R8	GWAS	/disks/data/merge/finemap/fg/E4_ENDODISNAS.SUSIE.munged.tsv
FinnGen_R8	GWAS	/disks/data/merge/finemap/fg/E4_ENDOGLAND.SUSIE.munged.tsv
FinnGen_R8	GWAS	/disks/data/merge/finemap/fg/E4_ENDOMETPOSTOP.SUSIE.munged.tsv
FinnGen_R8	GWAS	/disks/data/merge/finemap/fg/E4_FE_DEF.SUSIE.munged.tsv
FinnGen_R8	GWAS	/disks/data/merge/finemap/fg/E4_FH.SUSIE.munged.tsv
FinnGen_R8	GWAS	/disks/data/merge/finemap/fg/E4_FH_IHD.SUSIE.munged.tsv
FinnGen_R8	GWAS	/disks/data/merge/finemap/fg/E4_FLUIDELECTRO.SUSIE.munged.tsv
FinnGen_R8	GWAS	/disks/data/merge/finemap/fg/E4_GILBERT.SUSIE.munged.tsv
FinnGen_R8	GWAS	/disks/data/merge/finemap/fg/E4_GLUCOPANCREAS.SUSIE.munged.tsv
FinnGen_R8	GWAS	/disks/data/merge/finemap/fg/E4_GOITREDIFF.SUSIE.munged.tsv
FinnGen_R8	GWAS	/disks/data/merge/finemap/fg/E4_GOITREMULTINOD.SUSIE.munged.tsv
FinnGen_R8	GWAS	/disks/data/merge/finemap/fg/E4_GOITRENAS.SUSIE.munged.tsv
FinnGen_R8	GWAS	/disks/data/merge/finemap/fg/E4_GOITRENOD.SUSIE.munged.tsv
FinnGen_R8	GWAS	/disks/data/merge/finemap/fg/E4_GRAVES_STRICT.SUSIE.munged.tsv
FinnGen_R8	GWAS	/disks/data/merge/finemap/fg/E4_HYPERALDO.SUSIE.munged.tsv
FinnGen_R8	GWAS	/disks/data/merge/finemap/fg/E4_HYPERCHOL.SUSIE.munged.tsv
FinnGen_R8	GWAS	/disks/data/merge/finemap/fg/E4_HYPERGLYCER.SUSIE.munged.tsv
FinnGen_R8	GWAS	/disks/data/merge/finemap/fg/E4_HYPERLIPMIX.SUSIE.munged.tsv
FinnGen_R8	GWAS	/disks/data/merge/finemap/fg/E4_HYPERLIPNAS.SUSIE.munged.tsv
FinnGen_R8	GWAS	/disks/data/merge/finemap/fg/E4_HYPERPARA.SUSIE.munged.tsv
FinnGen_R8	GWAS	/disks/data/merge/finemap/fg/E4_HYPOKALAEMIA.SUSIE.munged.tsv
FinnGen_R8	GWAS	/disks/data/merge/finemap/fg/E4_HYPOOSMNAT.SUSIE.munged.tsv
FinnGen_R8	GWAS	/disks/data/merge/finemap/fg/E4_HYPOPARA.SUSIE.munged.tsv
FinnGen_R8	GWAS	/disks/data/merge/finemap/fg/E4_HYTHYNAS.SUSIE.munged.tsv
FinnGen_R8	GWAS	/disks/data/merge/finemap/fg/E4_HYTHY_AI_STRICT.SUSIE.munged.tsv
FinnGen_R8	GWAS	/disks/data/merge/finemap/fg/E4_IRON_MET.SUSIE.munged.tsv
FinnGen_R8	GWAS	/disks/data/merge/finemap/fg/E4_LACTONAS.SUSIE.munged.tsv
FinnGen_R8	GWAS	/disks/data/merge/finemap/fg/E4_LIPOPROT.SUSIE.munged.tsv
FinnGen_R8	GWAS	/disks/data/merge/finemap/fg/E4_LIPOPROTNAS.SUSIE.munged.tsv
FinnGen_R8	GWAS	/disks/data/merge/finemap/fg/E4_MALNUTRITION.SUSIE.munged.tsv
FinnGen_R8	GWAS	/disks/data/merge/finemap/fg/E4_METABOLIA.SUSIE.munged.tsv
FinnGen_R8	GWAS	/disks/data/merge/finemap/fg/E4_MG_MET.SUSIE.munged.tsv
FinnGen_R8	GWAS	/disks/data/merge/finemap/fg/E4_MINERAL_MET.SUSIE.munged.tsv
FinnGen_R8	GWAS	/disks/data/merge/finemap/fg/E4_NONTOXIC_THYROID.SUSIE.munged.tsv
FinnGen_R8	GWAS	/disks/data/merge/finemap/fg/E4_NUTRI_DEF_NAS.SUSIE.munged.tsv
FinnGen_R8	GWAS	/disks/data/merge/finemap/fg/E4_OBESITY.SUSIE.munged.tsv
FinnGen_R8	GWAS	/disks/data/merge/finemap/fg/E4_OBESITYCAL.SUSIE.munged.tsv
FinnGen_R8	GWAS	/disks/data/merge/finemap/fg/E4_OBESITYNAS.SUSIE.munged.tsv
FinnGen_R8	GWAS	/disks/data/merge/finemap/fg/E4_OBESITYXTRMALV.SUSIE.munged.tsv
FinnGen_R8	GWAS	/disks/data/merge/finemap/fg/E4_OVARDYS.SUSIE.munged.tsv
FinnGen_R8	GWAS	/disks/data/merge/finemap/fg/E4_OVARDYSNAS.SUSIE.munged.tsv
FinnGen_R8	GWAS	/disks/data/merge/finemap/fg/E4_PANCSECNAS.SUSIE.munged.tsv
FinnGen_R8	GWAS	/disks/data/merge/finemap/fg/E4_PARATHYRO.SUSIE.munged.tsv
FinnGen_R8	GWAS	/disks/data/merge/finemap/fg/E4_PCOS.SUSIE.munged.tsv
FinnGen_R8	GWAS	/disks/data/merge/finemap/fg/E4_PCOS_BROAD.SUSIE.munged.tsv
FinnGen_R8	GWAS	/disks/data/merge/finemap/fg/E4_PCOS_CONCORTIUM.SUSIE.munged.tsv
FinnGen_R8	GWAS	/disks/data/merge/finemap/fg/E4_PHOS_MET.SUSIE.munged.tsv
FinnGen_R8	GWAS	/disks/data/merge/finemap/fg/E4_PLASMAPROT.SUSIE.munged.tsv
FinnGen_R8	GWAS	/disks/data/merge/finemap/fg/E4_PORBILIR.SUSIE.munged.tsv
FinnGen_R8	GWAS	/disks/data/merge/finemap/fg/E4_PRECOXCENTPUB.SUSIE.munged.tsv
FinnGen_R8	GWAS	/disks/data/merge/finemap/fg/E4_SPHINGOLIP.SUSIE.munged.tsv
FinnGen_R8	GWAS	/disks/data/merge/finemap/fg/E4_THYROID.SUSIE.munged.tsv
FinnGen_R8	GWAS	/disks/data/merge/finemap/fg/E4_THYROIDITAUTOIM.SUSIE.munged.tsv
FinnGen_R8	GWAS	/disks/data/merge/finemap/fg/E4_THYROIDITNAS.SUSIE.munged.tsv
FinnGen_R8	GWAS	/disks/data/merge/finemap/fg/E4_THYROIDITSUBAC.SUSIE.munged.tsv
FinnGen_R8	GWAS	/disks/data/merge/finemap/fg/E4_THYROIDNASOTH.SUSIE.munged.tsv
FinnGen_R8	GWAS	/disks/data/merge/finemap/fg/E4_THYTOXGOITDIF.SUSIE.munged.tsv
FinnGen_R8	GWAS	/disks/data/merge/finemap/fg/E4_THYTOXGOITMULT.SUSIE.munged.tsv
FinnGen_R8	GWAS	/disks/data/merge/finemap/fg/E4_THYTOXNOD.SUSIE.munged.tsv
FinnGen_R8	GWAS	/disks/data/merge/finemap/fg/ERECTILE_DYSFUNCTION.SUSIE.munged.tsv
FinnGen_R8	GWAS	/disks/data/merge/finemap/fg/ESOSINOPHIL_DISEASE.SUSIE.munged.tsv
FinnGen_R8	GWAS	/disks/data/merge/finemap/fg/F5_ADHD.SUSIE.munged.tsv
FinnGen_R8	GWAS	/disks/data/merge/finemap/fg/F5_ALCOHOLAC.SUSIE.munged.tsv
FinnGen_R8	GWAS	/disks/data/merge/finemap/fg/F5_ALCOHOL_DEPENDENCE.SUSIE.munged.tsv
FinnGen_R8	GWAS	/disks/data/merge/finemap/fg/F5_ALLANXIOUS.SUSIE.munged.tsv
FinnGen_R8	GWAS	/disks/data/merge/finemap/fg/F5_ALZHDEMENT.SUSIE.munged.tsv
FinnGen_R8	GWAS	/disks/data/merge/finemap/fg/F5_ANXIETY.SUSIE.munged.tsv
FinnGen_R8	GWAS	/disks/data/merge/finemap/fg/F5_ANXPER.SUSIE.munged.tsv
FinnGen_R8	GWAS	/disks/data/merge/finemap/fg/F5_BEHEMOCHILD.SUSIE.munged.tsv
FinnGen_R8	GWAS	/disks/data/merge/finemap/fg/F5_BIPO.SUSIE.munged.tsv
FinnGen_R8	GWAS	/disks/data/merge/finemap/fg/F5_BULIMIA.SUSIE.munged.tsv
FinnGen_R8	GWAS	/disks/data/merge/finemap/fg/F5_DELIRIUM.SUSIE.munged.tsv
FinnGen_R8	GWAS	/disks/data/merge/finemap/fg/F5_DEMENTIA.SUSIE.munged.tsv
FinnGen_R8	GWAS	/disks/data/merge/finemap/fg/F5_DEMENTIA_INCLAVO.SUSIE.munged.tsv
FinnGen_R8	GWAS	/disks/data/merge/finemap/fg/F5_DEMINOTH.SUSIE.munged.tsv
FinnGen_R8	GWAS	/disks/data/merge/finemap/fg/F5_DEMNAS.SUSIE.munged.tsv
FinnGen_R8	GWAS	/disks/data/merge/finemap/fg/F5_DEPRESSIO.SUSIE.munged.tsv
FinnGen_R8	GWAS	/disks/data/merge/finemap/fg/F5_DISSOCIATIVE.SUSIE.munged.tsv
FinnGen_R8	GWAS	/disks/data/merge/finemap/fg/F5_EMOCHILD.SUSIE.munged.tsv
FinnGen_R8	GWAS	/disks/data/merge/finemap/fg/F5_EMOPER.SUSIE.munged.tsv
FinnGen_R8	GWAS	/disks/data/merge/finemap/fg/F5_GAD.SUSIE.munged.tsv
FinnGen_R8	GWAS	/disks/data/merge/finemap/fg/F5_HABIT.SUSIE.munged.tsv
FinnGen_R8	GWAS	/disks/data/merge/finemap/fg/F5_INSOMNIA.SUSIE.munged.tsv
FinnGen_R8	GWAS	/disks/data/merge/finemap/fg/F5_KELAMENT.SUSIE.munged.tsv
FinnGen_R8	GWAS	/disks/data/merge/finemap/fg/F5_MENTALUNSPE.SUSIE.munged.tsv
FinnGen_R8	GWAS	/disks/data/merge/finemap/fg/F5_MENTORG.SUSIE.munged.tsv
FinnGen_R8	GWAS	/disks/data/merge/finemap/fg/F5_MIXEDDEV.SUSIE.munged.tsv
FinnGen_R8	GWAS	/disks/data/merge/finemap/fg/F5_MODRET.SUSIE.munged.tsv
FinnGen_R8	GWAS	/disks/data/merge/finemap/fg/F5_MOOD.SUSIE.munged.tsv
FinnGen_R8	GWAS	/disks/data/merge/finemap/fg/F5_PARAPER.SUSIE.munged.tsv
FinnGen_R8	GWAS	/disks/data/merge/finemap/fg/F5_PERSOTH.SUSIE.munged.tsv
FinnGen_R8	GWAS	/disks/data/merge/finemap/fg/F5_PSYCHDEVOTH.SUSIE.munged.tsv
FinnGen_R8	GWAS	/disks/data/merge/finemap/fg/F5_PSYCHOTH.SUSIE.munged.tsv
FinnGen_R8	GWAS	/disks/data/merge/finemap/fg/F5_PSYTRANS.SUSIE.munged.tsv
FinnGen_R8	GWAS	/disks/data/merge/finemap/fg/F5_PTSD.SUSIE.munged.tsv
FinnGen_R8	GWAS	/disks/data/merge/finemap/fg/F5_SCHIZOTYP.SUSIE.munged.tsv
FinnGen_R8	GWAS	/disks/data/merge/finemap/fg/F5_SCHIZPER.SUSIE.munged.tsv
FinnGen_R8	GWAS	/disks/data/merge/finemap/fg/F5_STIMUL.SUSIE.munged.tsv
FinnGen_R8	GWAS	/disks/data/merge/finemap/fg/F5_STRESSOTH.SUSIE.munged.tsv
FinnGen_R8	GWAS	/disks/data/merge/finemap/fg/F5_SUBSNOALCO.SUSIE.munged.tsv
FinnGen_R8	GWAS	/disks/data/merge/finemap/fg/F5_VASCDEM.SUSIE.munged.tsv
FinnGen_R8	GWAS	/disks/data/merge/finemap/fg/FE.SUSIE.munged.tsv
FinnGen_R8	GWAS	/disks/data/merge/finemap/fg/FE_STRICT.SUSIE.munged.tsv
FinnGen_R8	GWAS	/disks/data/merge/finemap/fg/FG_CARDMYO.SUSIE.munged.tsv
FinnGen_R8	GWAS	/disks/data/merge/finemap/fg/FG_CEREBVASC.SUSIE.munged.tsv
FinnGen_R8	GWAS	/disks/data/merge/finemap/fg/FG_CVD.SUSIE.munged.tsv
FinnGen_R8	GWAS	/disks/data/merge/finemap/fg/FG_DOAAC.SUSIE.munged.tsv
FinnGen_R8	GWAS	/disks/data/merge/finemap/fg/FG_OTHHEART.SUSIE.munged.tsv
FinnGen_R8	GWAS	/disks/data/merge/finemap/fg/G6_AD_WIDE.SUSIE.munged.tsv
FinnGen_R8	GWAS	/disks/data/merge/finemap/fg/G6_ALS.SUSIE.munged.tsv
FinnGen_R8	GWAS	/disks/data/merge/finemap/fg/G6_ALZHEIMER.SUSIE.munged.tsv
FinnGen_R8	GWAS	/disks/data/merge/finemap/fg/G6_ATROPHCIRCUM.SUSIE.munged.tsv
FinnGen_R8	GWAS	/disks/data/merge/finemap/fg/G6_AUTONOM.SUSIE.munged.tsv
FinnGen_R8	GWAS	/disks/data/merge/finemap/fg/G6_BELLPA.SUSIE.munged.tsv
FinnGen_R8	GWAS	/disks/data/merge/finemap/fg/G6_CARPTU.SUSIE.munged.tsv
FinnGen_R8	GWAS	/disks/data/merge/finemap/fg/G6_CERVROOT.SUSIE.munged.tsv
FinnGen_R8	GWAS	/disks/data/merge/finemap/fg/G6_CLUSTHEADACHE_WIDE.SUSIE.munged.tsv
FinnGen_R8	GWAS	/disks/data/merge/finemap/fg/G6_CNSOTH.SUSIE.munged.tsv
FinnGen_R8	GWAS	/disks/data/merge/finemap/fg/G6_DEGENOTH.SUSIE.munged.tsv
FinnGen_R8	GWAS	/disks/data/merge/finemap/fg/G6_DISOTHUNS.SUSIE.munged.tsv
FinnGen_R8	GWAS	/disks/data/merge/finemap/fg/G6_DYSTON.SUSIE.munged.tsv
FinnGen_R8	GWAS	/disks/data/merge/finemap/fg/G6_EPIPAROX.SUSIE.munged.tsv
FinnGen_R8	GWAS	/disks/data/merge/finemap/fg/G6_FACOTH.SUSIE.munged.tsv
FinnGen_R8	GWAS	/disks/data/merge/finemap/fg/G6_HCINOTH.SUSIE.munged.tsv
FinnGen_R8	GWAS	/disks/data/merge/finemap/fg/G6_HCNP.SUSIE.munged.tsv
FinnGen_R8	GWAS	/disks/data/merge/finemap/fg/G6_HEADACHE.SUSIE.munged.tsv
FinnGen_R8	GWAS	/disks/data/merge/finemap/fg/G6_HEMIPLE.SUSIE.munged.tsv
FinnGen_R8	GWAS	/disks/data/merge/finemap/fg/G6_HERATAXIA.SUSIE.munged.tsv
FinnGen_R8	GWAS	/disks/data/merge/finemap/fg/G6_HEREMOSEN.SUSIE.munged.tsv
FinnGen_R8	GWAS	/disks/data/merge/finemap/fg/G6_HYDROCEPH.SUSIE.munged.tsv
FinnGen_R8	GWAS	/disks/data/merge/finemap/fg/G6_MERALGIA.SUSIE.munged.tsv
FinnGen_R8	GWAS	/disks/data/merge/finemap/fg/G6_MIGRAINE.SUSIE.munged.tsv
FinnGen_R8	GWAS	/disks/data/merge/finemap/fg/G6_MIGRAINE_NO_AURA.SUSIE.munged.tsv
FinnGen_R8	GWAS	/disks/data/merge/finemap/fg/G6_MIGRAINE_NO_AURA_TRIPTAN.SUSIE.munged.tsv
FinnGen_R8	GWAS	/disks/data/merge/finemap/fg/G6_MIGRAINE_WITH_AURA.SUSIE.munged.tsv
FinnGen_R8	GWAS	/disks/data/merge/finemap/fg/G6_MITOCMY.SUSIE.munged.tsv
FinnGen_R8	GWAS	/disks/data/merge/finemap/fg/G6_MONOPLE.SUSIE.munged.tsv
FinnGen_R8	GWAS	/disks/data/merge/finemap/fg/G6_MS.SUSIE.munged.tsv
FinnGen_R8	GWAS	/disks/data/merge/finemap/fg/G6_MUSCOTHUNS.SUSIE.munged.tsv
FinnGen_R8	GWAS	/disks/data/merge/finemap/fg/G6_MUSDYST.SUSIE.munged.tsv
FinnGen_R8	GWAS	/disks/data/merge/finemap/fg/G6_MYONEU.SUSIE.munged.tsv
FinnGen_R8	GWAS	/disks/data/merge/finemap/fg/G6_MYOPOTHUNS.SUSIE.munged.tsv
FinnGen_R8	GWAS	/disks/data/merge/finemap/fg/G6_MYOTDIS.SUSIE.munged.tsv
FinnGen_R8	GWAS	/disks/data/merge/finemap/fg/G6_NERPLEX.SUSIE.munged.tsv
FinnGen_R8	GWAS	/disks/data/merge/finemap/fg/G6_NEUATR.SUSIE.munged.tsv
FinnGen_R8	GWAS	/disks/data/merge/finemap/fg/G6_OTHNEU.SUSIE.munged.tsv
FinnGen_R8	GWAS	/disks/data/merge/finemap/fg/G6_PARDIPLE.SUSIE.munged.tsv
FinnGen_R8	GWAS	/disks/data/merge/finemap/fg/G6_PARKINSON.SUSIE.munged.tsv
FinnGen_R8	GWAS	/disks/data/merge/finemap/fg/G6_PLANTAR.SUSIE.munged.tsv
FinnGen_R8	GWAS	/disks/data/merge/finemap/fg/G6_POLYOTHUNS.SUSIE.munged.tsv
FinnGen_R8	GWAS	/disks/data/merge/finemap/fg/G6_POSTOPNEURO.SUSIE.munged.tsv
FinnGen_R8	GWAS	/disks/data/merge/finemap/fg/G6_RADLES.SUSIE.munged.tsv
FinnGen_R8	GWAS	/disks/data/merge/finemap/fg/G6_ROOTPLEXOTHUNS.SUSIE.munged.tsv
FinnGen_R8	GWAS	/disks/data/merge/finemap/fg/G6_SCIALE.SUSIE.munged.tsv
FinnGen_R8	GWAS	/disks/data/merge/finemap/fg/G6_SLEEPAPNO.SUSIE.munged.tsv
FinnGen_R8	GWAS	/disks/data/merge/finemap/fg/G6_SLEEPAPNO_INCLAVO.SUSIE.munged.tsv
FinnGen_R8	GWAS	/disks/data/merge/finemap/fg/G6_SPINAMUSCOTH.SUSIE.munged.tsv
FinnGen_R8	GWAS	/disks/data/merge/finemap/fg/G6_SPINOTH.SUSIE.munged.tsv
FinnGen_R8	GWAS	/disks/data/merge/finemap/fg/G6_TETRAPLE.SUSIE.munged.tsv
FinnGen_R8	GWAS	/disks/data/merge/finemap/fg/G6_ULLNLE.SUSIE.munged.tsv
FinnGen_R8	GWAS	/disks/data/merge/finemap/fg/G6_XTRAPYR.SUSIE.munged.tsv
FinnGen_R8	GWAS	/disks/data/merge/finemap/fg/G6_XTRAPYROTH.SUSIE.munged.tsv
FinnGen_R8	GWAS	/disks/data/merge/finemap/fg/GEST_DIABETES.SUSIE.munged.tsv
FinnGen_R8	GWAS	/disks/data/merge/finemap/fg/GOUT_IDIO.SUSIE.munged.tsv
FinnGen_R8	GWAS	/disks/data/merge/finemap/fg/GOUT_NOS.SUSIE.munged.tsv
FinnGen_R8	GWAS	/disks/data/merge/finemap/fg/GOUT_STRICT.SUSIE.munged.tsv
FinnGen_R8	GWAS	/disks/data/merge/finemap/fg/H7_ALLERGICCONJUNCTIVITIS.SUSIE.munged.tsv
FinnGen_R8	GWAS	/disks/data/merge/finemap/fg/H7_AMD.SUSIE.munged.tsv
FinnGen_R8	GWAS	/disks/data/merge/finemap/fg/H7_APHAKIA.SUSIE.munged.tsv
FinnGen_R8	GWAS	/disks/data/merge/finemap/fg/H7_ASTIGMATISM.SUSIE.munged.tsv
FinnGen_R8	GWAS	/disks/data/merge/finemap/fg/H7_BCKRNDRETINOPAT.SUSIE.munged.tsv
FinnGen_R8	GWAS	/disks/data/merge/finemap/fg/H7_BINOCUMOVOTH.SUSIE.munged.tsv
FinnGen_R8	GWAS	/disks/data/merge/finemap/fg/H7_BLEPHAROCHALASIS.SUSIE.munged.tsv
FinnGen_R8	GWAS	/disks/data/merge/finemap/fg/H7_BLINDANDVISIMPAIRMENT.SUSIE.munged.tsv
FinnGen_R8	GWAS	/disks/data/merge/finemap/fg/H7_BLINDMONOCULAR.SUSIE.munged.tsv
FinnGen_R8	GWAS	/disks/data/merge/finemap/fg/H7_BULLKERATOPATHY.SUSIE.munged.tsv
FinnGen_R8	GWAS	/disks/data/merge/finemap/fg/H7_CATARACTOTHER.SUSIE.munged.tsv
FinnGen_R8	GWAS	/disks/data/merge/finemap/fg/H7_CATARACTSENILE.SUSIE.munged.tsv
FinnGen_R8	GWAS	/disks/data/merge/finemap/fg/H7_CHALAZION.SUSIE.munged.tsv
FinnGen_R8	GWAS	/disks/data/merge/finemap/fg/H7_CHOROIDOTH.SUSIE.munged.tsv
FinnGen_R8	GWAS	/disks/data/merge/finemap/fg/H7_CHOROIDRETINA.SUSIE.munged.tsv
FinnGen_R8	GWAS	/disks/data/merge/finemap/fg/H7_CONJUHAEMOR.SUSIE.munged.tsv
FinnGen_R8	GWAS	/disks/data/merge/finemap/fg/H7_CONJUNCTIVITIS.SUSIE.munged.tsv
FinnGen_R8	GWAS	/disks/data/merge/finemap/fg/H7_CONJUNCTIVITISACUNONATOPIC.SUSIE.munged.tsv
FinnGen_R8	GWAS	/disks/data/merge/finemap/fg/H7_CONJUNCTIVITISATOPIC.SUSIE.munged.tsv
FinnGen_R8	GWAS	/disks/data/merge/finemap/fg/H7_CONVERGINSUFF.SUSIE.munged.tsv
FinnGen_R8	GWAS	/disks/data/merge/finemap/fg/H7_CORNEALDEFORM.SUSIE.munged.tsv
FinnGen_R8	GWAS	/disks/data/merge/finemap/fg/H7_CORNEALDYSTROPHY.SUSIE.munged.tsv
FinnGen_R8	GWAS	/disks/data/merge/finemap/fg/H7_CORNEALNAS.SUSIE.munged.tsv
FinnGen_R8	GWAS	/disks/data/merge/finemap/fg/H7_CORNEALOEDEMA.SUSIE.munged.tsv
FinnGen_R8	GWAS	/disks/data/merge/finemap/fg/H7_CORNEALOTH.SUSIE.munged.tsv
FinnGen_R8	GWAS	/disks/data/merge/finemap/fg/H7_CORNULCER.SUSIE.munged.tsv
FinnGen_R8	GWAS	/disks/data/merge/finemap/fg/H7_COULOURVISDEF.SUSIE.munged.tsv
FinnGen_R8	GWAS	/disks/data/merge/finemap/fg/H7_DISORDERLENSNAS.SUSIE.munged.tsv
FinnGen_R8	GWAS	/disks/data/merge/finemap/fg/H7_DIVERGSTRAB.SUSIE.munged.tsv
FinnGen_R8	GWAS	/disks/data/merge/finemap/fg/H7_ENTROPION.SUSIE.munged.tsv
FinnGen_R8	GWAS	/disks/data/merge/finemap/fg/H7_EYELIDDIS.SUSIE.munged.tsv
FinnGen_R8	GWAS	/disks/data/merge/finemap/fg/H7_EYELIDINOTH.SUSIE.munged.tsv
FinnGen_R8	GWAS	/disks/data/merge/finemap/fg/H7_EYELIDNAS.SUSIE.munged.tsv
FinnGen_R8	GWAS	/disks/data/merge/finemap/fg/H7_GLAUCNAS.SUSIE.munged.tsv
FinnGen_R8	GWAS	/disks/data/merge/finemap/fg/H7_GLAUCOMA.SUSIE.munged.tsv
FinnGen_R8	GWAS	/disks/data/merge/finemap/fg/H7_GLAUCOMAMEDICATION.SUSIE.munged.tsv
FinnGen_R8	GWAS	/disks/data/merge/finemap/fg/H7_GLAUCOMA_NTG.SUSIE.munged.tsv
FinnGen_R8	GWAS	/disks/data/merge/finemap/fg/H7_GLAUCOMA_POAG.SUSIE.munged.tsv
FinnGen_R8	GWAS	/disks/data/merge/finemap/fg/H7_GLAUCOMA_XFG.SUSIE.munged.tsv
FinnGen_R8	GWAS	/disks/data/merge/finemap/fg/H7_GLAUCSUSP.SUSIE.munged.tsv
FinnGen_R8	GWAS	/disks/data/merge/finemap/fg/H7_GLOBEDEGENERATED.SUSIE.munged.tsv
FinnGen_R8	GWAS	/disks/data/merge/finemap/fg/H7_HEREDRETINADYST.SUSIE.munged.tsv
FinnGen_R8	GWAS	/disks/data/merge/finemap/fg/H7_HETEROPHORIA.SUSIE.munged.tsv
FinnGen_R8	GWAS	/disks/data/merge/finemap/fg/H7_HYPERMETRO.SUSIE.munged.tsv
FinnGen_R8	GWAS	/disks/data/merge/finemap/fg/H7_IRIDOACUTE.SUSIE.munged.tsv
FinnGen_R8	GWAS	/disks/data/merge/finemap/fg/H7_IRIDOCHRONIC.SUSIE.munged.tsv
FinnGen_R8	GWAS	/disks/data/merge/finemap/fg/H7_IRIDOCYCLITIS.SUSIE.munged.tsv
FinnGen_R8	GWAS	/disks/data/merge/finemap/fg/H7_IRIDOCYC_ANTER.SUSIE.munged.tsv
FinnGen_R8	GWAS	/disks/data/merge/finemap/fg/H7_KERATITIS.SUSIE.munged.tsv
FinnGen_R8	GWAS	/disks/data/merge/finemap/fg/H7_KERATITISOTH.SUSIE.munged.tsv
FinnGen_R8	GWAS	/disks/data/merge/finemap/fg/H7_KERATOCONUS.SUSIE.munged.tsv
FinnGen_R8	GWAS	/disks/data/merge/finemap/fg/H7_LACRIMINFLAMCHRON.SUSIE.munged.tsv
FinnGen_R8	GWAS	/disks/data/merge/finemap/fg/H7_LENSDISLOCATIO.SUSIE.munged.tsv
FinnGen_R8	GWAS	/disks/data/merge/finemap/fg/H7_MACULADEGEN.SUSIE.munged.tsv
FinnGen_R8	GWAS	/disks/data/merge/finemap/fg/H7_MODVISIMPBINOC.SUSIE.munged.tsv
FinnGen_R8	GWAS	/disks/data/merge/finemap/fg/H7_MYOPIA.SUSIE.munged.tsv
FinnGen_R8	GWAS	/disks/data/merge/finemap/fg/H7_NYSTAGMUS.SUSIE.munged.tsv
FinnGen_R8	GWAS	/disks/data/merge/finemap/fg/H7_OCUMUSCLE.SUSIE.munged.tsv
FinnGen_R8	GWAS	/disks/data/merge/finemap/fg/H7_OPTICDISCOTH.SUSIE.munged.tsv
FinnGen_R8	GWAS	/disks/data/merge/finemap/fg/H7_OPTNERVNAS.SUSIE.munged.tsv
FinnGen_R8	GWAS	/disks/data/merge/finemap/fg/H7_OTHENDOPHTHALMITIS.SUSIE.munged.tsv
FinnGen_R8	GWAS	/disks/data/merge/finemap/fg/H7_OTHRETARTOCC.SUSIE.munged.tsv
FinnGen_R8	GWAS	/disks/data/merge/finemap/fg/H7_PARASTRA4.SUSIE.munged.tsv
FinnGen_R8	GWAS	/disks/data/merge/finemap/fg/H7_PARASTRAB.SUSIE.munged.tsv
FinnGen_R8	GWAS	/disks/data/merge/finemap/fg/H7_PERIPHRETINADEGEN.SUSIE.munged.tsv
FinnGen_R8	GWAS	/disks/data/merge/finemap/fg/H7_PTOSIS.SUSIE.munged.tsv
FinnGen_R8	GWAS	/disks/data/merge/finemap/fg/H7_RETINALBREAK.SUSIE.munged.tsv
FinnGen_R8	GWAS	/disks/data/merge/finemap/fg/H7_RETINALDETACH.SUSIE.munged.tsv
FinnGen_R8	GWAS	/disks/data/merge/finemap/fg/H7_RETINALDETACHBREAK.SUSIE.munged.tsv
FinnGen_R8	GWAS	/disks/data/merge/finemap/fg/H7_RETINALDETACHTRACTION.SUSIE.munged.tsv
FinnGen_R8	GWAS	/disks/data/merge/finemap/fg/H7_RETINALDISOTH.SUSIE.munged.tsv
FinnGen_R8	GWAS	/disks/data/merge/finemap/fg/H7_RETINAVASC.SUSIE.munged.tsv
FinnGen_R8	GWAS	/disks/data/merge/finemap/fg/H7_RETINOCHISISCYST.SUSIE.munged.tsv
FinnGen_R8	GWAS	/disks/data/merge/finemap/fg/H7_RETINOPATHYDIAB.SUSIE.munged.tsv
FinnGen_R8	GWAS	/disks/data/merge/finemap/fg/H7_RETINOPATHYDIAB_BKG.SUSIE.munged.tsv
FinnGen_R8	GWAS	/disks/data/merge/finemap/fg/H7_RETINOPATHYDIAB_BKG_SEVERE.SUSIE.munged.tsv
FinnGen_R8	GWAS	/disks/data/merge/finemap/fg/H7_RETINOPATHYDIAB_NAS.SUSIE.munged.tsv
FinnGen_R8	GWAS	/disks/data/merge/finemap/fg/H7_RETINOPATHYDIAB_PROLIF.SUSIE.munged.tsv
FinnGen_R8	GWAS	/disks/data/merge/finemap/fg/H7_RETINOPATPREMAT.SUSIE.munged.tsv
FinnGen_R8	GWAS	/disks/data/merge/finemap/fg/H7_SCLERACORNEA.SUSIE.munged.tsv
FinnGen_R8	GWAS	/disks/data/merge/finemap/fg/H7_STENOLACRI.SUSIE.munged.tsv
FinnGen_R8	GWAS	/disks/data/merge/finemap/fg/H7_VERTISTRAB.SUSIE.munged.tsv
FinnGen_R8	GWAS	/disks/data/merge/finemap/fg/H7_VISUDISTURB.SUSIE.munged.tsv
FinnGen_R8	GWAS	/disks/data/merge/finemap/fg/H7_VITRCRYSTAL.SUSIE.munged.tsv
FinnGen_R8	GWAS	/disks/data/merge/finemap/fg/H7_XANTHELASMA.SUSIE.munged.tsv
FinnGen_R8	GWAS	/disks/data/merge/finemap/fg/H8_BPV.SUSIE.munged.tsv
FinnGen_R8	GWAS	/disks/data/merge/finemap/fg/H8_EUSTNAS.SUSIE.munged.tsv
FinnGen_R8	GWAS	/disks/data/merge/finemap/fg/H8_EUSTSALP.SUSIE.munged.tsv
FinnGen_R8	GWAS	/disks/data/merge/finemap/fg/H8_EXTDISINOTH.SUSIE.munged.tsv
FinnGen_R8	GWAS	/disks/data/merge/finemap/fg/H8_EXTOTITIS.SUSIE.munged.tsv
FinnGen_R8	GWAS	/disks/data/merge/finemap/fg/H8_EXT_ABSC.SUSIE.munged.tsv
FinnGen_R8	GWAS	/disks/data/merge/finemap/fg/H8_EXT_CELLUL.SUSIE.munged.tsv
FinnGen_R8	GWAS	/disks/data/merge/finemap/fg/H8_EXT_INFNAS.SUSIE.munged.tsv
FinnGen_R8	GWAS	/disks/data/merge/finemap/fg/H8_EXT_NONINF.SUSIE.munged.tsv
FinnGen_R8	GWAS	/disks/data/merge/finemap/fg/H8_EXT_OTH.SUSIE.munged.tsv
FinnGen_R8	GWAS	/disks/data/merge/finemap/fg/H8_HL_DEAFMUT.SUSIE.munged.tsv
FinnGen_R8	GWAS	/disks/data/merge/finemap/fg/H8_HL_IDIOP.SUSIE.munged.tsv
FinnGen_R8	GWAS	/disks/data/merge/finemap/fg/H8_HL_PRESBY.SUSIE.munged.tsv
FinnGen_R8	GWAS	/disks/data/merge/finemap/fg/H8_HL_SEN_NAS.SUSIE.munged.tsv
FinnGen_R8	GWAS	/disks/data/merge/finemap/fg/H8_MASTCHRON.SUSIE.munged.tsv
FinnGen_R8	GWAS	/disks/data/merge/finemap/fg/H8_MASTNAS.SUSIE.munged.tsv
FinnGen_R8	GWAS	/disks/data/merge/finemap/fg/H8_MED_SUPP.SUSIE.munged.tsv
FinnGen_R8	GWAS	/disks/data/merge/finemap/fg/H8_MENIERE.SUSIE.munged.tsv
FinnGen_R8	GWAS	/disks/data/merge/finemap/fg/H8_MIDDLEMASTOID.SUSIE.munged.tsv
FinnGen_R8	GWAS	/disks/data/merge/finemap/fg/H8_MYRINGACU.SUSIE.munged.tsv
FinnGen_R8	GWAS	/disks/data/merge/finemap/fg/H8_NONSUPPNAS.SUSIE.munged.tsv
FinnGen_R8	GWAS	/disks/data/merge/finemap/fg/H8_OTHEREAR.SUSIE.munged.tsv
FinnGen_R8	GWAS	/disks/data/merge/finemap/fg/H8_OTOSCLE.SUSIE.munged.tsv
FinnGen_R8	GWAS	/disks/data/merge/finemap/fg/H8_PERFORATION.SUSIE.munged.tsv
FinnGen_R8	GWAS	/disks/data/merge/finemap/fg/H8_PERIPHVERTIGO.SUSIE.munged.tsv
FinnGen_R8	GWAS	/disks/data/merge/finemap/fg/H8_SUP_OTINAS.SUSIE.munged.tsv
FinnGen_R8	GWAS	/disks/data/merge/finemap/fg/H8_VERTIGO.SUSIE.munged.tsv
FinnGen_R8	GWAS	/disks/data/merge/finemap/fg/H8_VESTIBNEUR.SUSIE.munged.tsv
FinnGen_R8	GWAS	/disks/data/merge/finemap/fg/HERING_BILATERAL.SUSIE.munged.tsv
FinnGen_R8	GWAS	/disks/data/merge/finemap/fg/HLP_C3_CLL.SUSIE.munged.tsv
FinnGen_R8	GWAS	/disks/data/merge/finemap/fg/HLP_C3_DLBCL.SUSIE.munged.tsv
FinnGen_R8	GWAS	/disks/data/merge/finemap/fg/HYPOTHY_REIMB.SUSIE.munged.tsv
FinnGen_R8	GWAS	/disks/data/merge/finemap/fg/I9_ABAORTANEUR.SUSIE.munged.tsv
FinnGen_R8	GWAS	/disks/data/merge/finemap/fg/I9_AF.SUSIE.munged.tsv
FinnGen_R8	GWAS	/disks/data/merge/finemap/fg/I9_AF_REIMB.SUSIE.munged.tsv
FinnGen_R8	GWAS	/disks/data/merge/finemap/fg/I9_ANEURYSM.SUSIE.munged.tsv
FinnGen_R8	GWAS	/disks/data/merge/finemap/fg/I9_ANGINA.SUSIE.munged.tsv
FinnGen_R8	GWAS	/disks/data/merge/finemap/fg/I9_ANGIO.SUSIE.munged.tsv
FinnGen_R8	GWAS	/disks/data/merge/finemap/fg/I9_AORTANEUR.SUSIE.munged.tsv
FinnGen_R8	GWAS	/disks/data/merge/finemap/fg/I9_AORTDIS.SUSIE.munged.tsv
FinnGen_R8	GWAS	/disks/data/merge/finemap/fg/I9_AORTVALV_EARLY.SUSIE.munged.tsv
FinnGen_R8	GWAS	/disks/data/merge/finemap/fg/I9_ARTEMBTHR.SUSIE.munged.tsv
FinnGen_R8	GWAS	/disks/data/merge/finemap/fg/I9_ARTEMBTHRLOW.SUSIE.munged.tsv
FinnGen_R8	GWAS	/disks/data/merge/finemap/fg/I9_ATHSCLE.SUSIE.munged.tsv
FinnGen_R8	GWAS	/disks/data/merge/finemap/fg/I9_AVBLOCK.SUSIE.munged.tsv
FinnGen_R8	GWAS	/disks/data/merge/finemap/fg/I9_CABG.SUSIE.munged.tsv
FinnGen_R8	GWAS	/disks/data/merge/finemap/fg/I9_CARDARR.SUSIE.munged.tsv
FinnGen_R8	GWAS	/disks/data/merge/finemap/fg/I9_CARDMSEC.SUSIE.munged.tsv
FinnGen_R8	GWAS	/disks/data/merge/finemap/fg/I9_CARDMYO.SUSIE.munged.tsv
FinnGen_R8	GWAS	/disks/data/merge/finemap/fg/I9_CARDMYOHYP.SUSIE.munged.tsv
FinnGen_R8	GWAS	/disks/data/merge/finemap/fg/I9_CARDMYOINOTH.SUSIE.munged.tsv
FinnGen_R8	GWAS	/disks/data/merge/finemap/fg/I9_CARDMYOOTH.SUSIE.munged.tsv
FinnGen_R8	GWAS	/disks/data/merge/finemap/fg/I9_CAVS_OPERATED.SUSIE.munged.tsv
FinnGen_R8	GWAS	/disks/data/merge/finemap/fg/I9_CEREBDOTH.SUSIE.munged.tsv
FinnGen_R8	GWAS	/disks/data/merge/finemap/fg/I9_CHD.SUSIE.munged.tsv
FinnGen_R8	GWAS	/disks/data/merge/finemap/fg/I9_CONDUCTIO.SUSIE.munged.tsv
FinnGen_R8	GWAS	/disks/data/merge/finemap/fg/I9_CORATHER.SUSIE.munged.tsv
FinnGen_R8	GWAS	/disks/data/merge/finemap/fg/I9_CVD_HARD.SUSIE.munged.tsv
FinnGen_R8	GWAS	/disks/data/merge/finemap/fg/I9_DISVEINLYMPH.SUSIE.munged.tsv
FinnGen_R8	GWAS	/disks/data/merge/finemap/fg/I9_DVTANDPULM.SUSIE.munged.tsv
FinnGen_R8	GWAS	/disks/data/merge/finemap/fg/I9_ENDOCARD.SUSIE.munged.tsv
FinnGen_R8	GWAS	/disks/data/merge/finemap/fg/I9_E_DRONE.SUSIE.munged.tsv
FinnGen_R8	GWAS	/disks/data/merge/finemap/fg/I9_HEARTFAIL_ALLCAUSE.SUSIE.munged.tsv
FinnGen_R8	GWAS	/disks/data/merge/finemap/fg/I9_HEARTFAIL_AND_ANTIHYPERT.SUSIE.munged.tsv
FinnGen_R8	GWAS	/disks/data/merge/finemap/fg/I9_HEARTFAIL_AND_CHD.SUSIE.munged.tsv
FinnGen_R8	GWAS	/disks/data/merge/finemap/fg/I9_HEARTFAIL_AND_HYPERTCARDIOM.SUSIE.munged.tsv
FinnGen_R8	GWAS	/disks/data/merge/finemap/fg/I9_HEARTFAIL_AND_OVERWEIGHT.SUSIE.munged.tsv
FinnGen_R8	GWAS	/disks/data/merge/finemap/fg/I9_HEARTFAIL_EXMORE.SUSIE.munged.tsv
FinnGen_R8	GWAS	/disks/data/merge/finemap/fg/I9_HEARTFAIL_NS.SUSIE.munged.tsv
FinnGen_R8	GWAS	/disks/data/merge/finemap/fg/I9_HYPERTROCARDMYOP.SUSIE.munged.tsv
FinnGen_R8	GWAS	/disks/data/merge/finemap/fg/I9_HYPTENS.SUSIE.munged.tsv
FinnGen_R8	GWAS	/disks/data/merge/finemap/fg/I9_HYPTENSESS.SUSIE.munged.tsv
FinnGen_R8	GWAS	/disks/data/merge/finemap/fg/I9_HYPTENSHD.SUSIE.munged.tsv
FinnGen_R8	GWAS	/disks/data/merge/finemap/fg/I9_HYPTENSRD.SUSIE.munged.tsv
FinnGen_R8	GWAS	/disks/data/merge/finemap/fg/I9_ICH.SUSIE.munged.tsv
FinnGen_R8	GWAS	/disks/data/merge/finemap/fg/I9_IHD.SUSIE.munged.tsv
FinnGen_R8	GWAS	/disks/data/merge/finemap/fg/I9_K_CARDIAC.SUSIE.munged.tsv
FinnGen_R8	GWAS	/disks/data/merge/finemap/fg/I9_LBBB.SUSIE.munged.tsv
FinnGen_R8	GWAS	/disks/data/merge/finemap/fg/I9_LYMPHADE.SUSIE.munged.tsv
FinnGen_R8	GWAS	/disks/data/merge/finemap/fg/I9_MI_STRICT.SUSIE.munged.tsv
FinnGen_R8	GWAS	/disks/data/merge/finemap/fg/I9_MYOCARD.SUSIE.munged.tsv
FinnGen_R8	GWAS	/disks/data/merge/finemap/fg/I9_NONISCHCARDMYOP.SUSIE.munged.tsv
FinnGen_R8	GWAS	/disks/data/merge/finemap/fg/I9_NONISCHCARDMYOP_STRICT.SUSIE.munged.tsv
FinnGen_R8	GWAS	/disks/data/merge/finemap/fg/I9_NONRHEVALV.SUSIE.munged.tsv
FinnGen_R8	GWAS	/disks/data/merge/finemap/fg/I9_OTHARR.SUSIE.munged.tsv
FinnGen_R8	GWAS	/disks/data/merge/finemap/fg/I9_OTHOTH.SUSIE.munged.tsv
FinnGen_R8	GWAS	/disks/data/merge/finemap/fg/I9_PAROXTAC.SUSIE.munged.tsv
FinnGen_R8	GWAS	/disks/data/merge/finemap/fg/I9_PHLETHROM.SUSIE.munged.tsv
FinnGen_R8	GWAS	/disks/data/merge/finemap/fg/I9_PHLETHROMBDVTLOW.SUSIE.munged.tsv
FinnGen_R8	GWAS	/disks/data/merge/finemap/fg/I9_POSTAMI.SUSIE.munged.tsv
FinnGen_R8	GWAS	/disks/data/merge/finemap/fg/I9_PROGVASC.SUSIE.munged.tsv
FinnGen_R8	GWAS	/disks/data/merge/finemap/fg/I9_PULMEMB.SUSIE.munged.tsv
FinnGen_R8	GWAS	/disks/data/merge/finemap/fg/I9_RBBB.SUSIE.munged.tsv
FinnGen_R8	GWAS	/disks/data/merge/finemap/fg/I9_REVASC.SUSIE.munged.tsv
FinnGen_R8	GWAS	/disks/data/merge/finemap/fg/I9_SAH.SUSIE.munged.tsv
FinnGen_R8	GWAS	/disks/data/merge/finemap/fg/I9_SAHANEUR.SUSIE.munged.tsv
FinnGen_R8	GWAS	/disks/data/merge/finemap/fg/I9_SEQULAE.SUSIE.munged.tsv
FinnGen_R8	GWAS	/disks/data/merge/finemap/fg/I9_STENOSIS.SUSIE.munged.tsv
FinnGen_R8	GWAS	/disks/data/merge/finemap/fg/I9_STR.SUSIE.munged.tsv
FinnGen_R8	GWAS	/disks/data/merge/finemap/fg/I9_STR_EMBOLIC_WITH_FLIMMER.SUSIE.munged.tsv
FinnGen_R8	GWAS	/disks/data/merge/finemap/fg/I9_THAORTANEUR.SUSIE.munged.tsv
FinnGen_R8	GWAS	/disks/data/merge/finemap/fg/I9_THROMBOTH.SUSIE.munged.tsv
FinnGen_R8	GWAS	/disks/data/merge/finemap/fg/I9_UAP.SUSIE.munged.tsv
FinnGen_R8	GWAS	/disks/data/merge/finemap/fg/I9_VARICVE.SUSIE.munged.tsv
FinnGen_R8	GWAS	/disks/data/merge/finemap/fg/I9_VARICVEOES.SUSIE.munged.tsv
FinnGen_R8	GWAS	/disks/data/merge/finemap/fg/I9_VARICVESOTH.SUSIE.munged.tsv
FinnGen_R8	GWAS	/disks/data/merge/finemap/fg/I9_VASCDEM.SUSIE.munged.tsv
FinnGen_R8	GWAS	/disks/data/merge/finemap/fg/I9_VEINSOTH.SUSIE.munged.tsv
FinnGen_R8	GWAS	/disks/data/merge/finemap/fg/I9_VHD.SUSIE.munged.tsv
FinnGen_R8	GWAS	/disks/data/merge/finemap/fg/I9_VTE.SUSIE.munged.tsv
FinnGen_R8	GWAS	/disks/data/merge/finemap/fg/ILD.SUSIE.munged.tsv
FinnGen_R8	GWAS	/disks/data/merge/finemap/fg/ILD_ENDPOINTS.SUSIE.munged.tsv
FinnGen_R8	GWAS	/disks/data/merge/finemap/fg/ILD_INSUFFICIENCY.SUSIE.munged.tsv
FinnGen_R8	GWAS	/disks/data/merge/finemap/fg/INCREASEDMUSCLETONE.SUSIE.munged.tsv
FinnGen_R8	GWAS	/disks/data/merge/finemap/fg/IPF.SUSIE.munged.tsv
FinnGen_R8	GWAS	/disks/data/merge/finemap/fg/J10_ACUTELOWERNAS.SUSIE.munged.tsv
FinnGen_R8	GWAS	/disks/data/merge/finemap/fg/J10_ASTHMACOPDKELA.SUSIE.munged.tsv
FinnGen_R8	GWAS	/disks/data/merge/finemap/fg/J10_ASTHMA_EXMORE.SUSIE.munged.tsv
FinnGen_R8	GWAS	/disks/data/merge/finemap/fg/J10_ASTHMA_MAIN_EXMORE.SUSIE.munged.tsv
FinnGen_R8	GWAS	/disks/data/merge/finemap/fg/J10_BRONCH.SUSIE.munged.tsv
FinnGen_R8	GWAS	/disks/data/merge/finemap/fg/J10_BRONCHIECTASIS.SUSIE.munged.tsv
FinnGen_R8	GWAS	/disks/data/merge/finemap/fg/J10_BRONCHIOLITIS.SUSIE.munged.tsv
FinnGen_R8	GWAS	/disks/data/merge/finemap/fg/J10_CHEMGASRESP.SUSIE.munged.tsv
FinnGen_R8	GWAS	/disks/data/merge/finemap/fg/J10_CHRONLARYNGITIS.SUSIE.munged.tsv
FinnGen_R8	GWAS	/disks/data/merge/finemap/fg/J10_CHRONSINUSITIS.SUSIE.munged.tsv
FinnGen_R8	GWAS	/disks/data/merge/finemap/fg/J10_CHRONTONSADEN.SUSIE.munged.tsv
FinnGen_R8	GWAS	/disks/data/merge/finemap/fg/J10_COPD.SUSIE.munged.tsv
FinnGen_R8	GWAS	/disks/data/merge/finemap/fg/J10_EMPHYSEMA.SUSIE.munged.tsv
FinnGen_R8	GWAS	/disks/data/merge/finemap/fg/J10_EPIGLOTTITIS.SUSIE.munged.tsv
FinnGen_R8	GWAS	/disks/data/merge/finemap/fg/J10_HYPERSPNEUMONI.SUSIE.munged.tsv
FinnGen_R8	GWAS	/disks/data/merge/finemap/fg/J10_INFLUENZA.SUSIE.munged.tsv
FinnGen_R8	GWAS	/disks/data/merge/finemap/fg/J10_INFLUPNEU.SUSIE.munged.tsv
FinnGen_R8	GWAS	/disks/data/merge/finemap/fg/J10_LOWCHRON.SUSIE.munged.tsv
FinnGen_R8	GWAS	/disks/data/merge/finemap/fg/J10_LOWERINF.SUSIE.munged.tsv
FinnGen_R8	GWAS	/disks/data/merge/finemap/fg/J10_NASALPOLYP.SUSIE.munged.tsv
FinnGen_R8	GWAS	/disks/data/merge/finemap/fg/J10_PERITONSABSC.SUSIE.munged.tsv
FinnGen_R8	GWAS	/disks/data/merge/finemap/fg/J10_PLEURPLAGUE.SUSIE.munged.tsv
FinnGen_R8	GWAS	/disks/data/merge/finemap/fg/J10_PNEUMOBACT.SUSIE.munged.tsv
FinnGen_R8	GWAS	/disks/data/merge/finemap/fg/J10_PNEUMONIA.SUSIE.munged.tsv
FinnGen_R8	GWAS	/disks/data/merge/finemap/fg/J10_PNEUMONISOLLIQ.SUSIE.munged.tsv
FinnGen_R8	GWAS	/disks/data/merge/finemap/fg/J10_PYOTHORAX.SUSIE.munged.tsv
FinnGen_R8	GWAS	/disks/data/merge/finemap/fg/J10_RESPCONDEXT.SUSIE.munged.tsv
FinnGen_R8	GWAS	/disks/data/merge/finemap/fg/J10_SEPTDEV.SUSIE.munged.tsv
FinnGen_R8	GWAS	/disks/data/merge/finemap/fg/J10_SIMPLBRONCH.SUSIE.munged.tsv
FinnGen_R8	GWAS	/disks/data/merge/finemap/fg/J10_SINUSITIS.SUSIE.munged.tsv
FinnGen_R8	GWAS	/disks/data/merge/finemap/fg/J10_TONSILLECTOMY.SUSIE.munged.tsv
FinnGen_R8	GWAS	/disks/data/merge/finemap/fg/J10_TONSILLITIS.SUSIE.munged.tsv
FinnGen_R8	GWAS	/disks/data/merge/finemap/fg/J10_UPPERDIS.SUSIE.munged.tsv
FinnGen_R8	GWAS	/disks/data/merge/finemap/fg/J10_UPPERINFEC.SUSIE.munged.tsv
FinnGen_R8	GWAS	/disks/data/merge/finemap/fg/J10_VOCALLARYNX.SUSIE.munged.tsv
FinnGen_R8	GWAS	/disks/data/merge/finemap/fg/JOINTPAIN.SUSIE.munged.tsv
FinnGen_R8	GWAS	/disks/data/merge/finemap/fg/JUVEN_ARTHR.SUSIE.munged.tsv
FinnGen_R8	GWAS	/disks/data/merge/finemap/fg/K11_ABRASION.SUSIE.munged.tsv
FinnGen_R8	GWAS	/disks/data/merge/finemap/fg/K11_ACHAL.SUSIE.munged.tsv
FinnGen_R8	GWAS	/disks/data/merge/finemap/fg/K11_ACUTGASTR.SUSIE.munged.tsv
FinnGen_R8	GWAS	/disks/data/merge/finemap/fg/K11_ACUTPANC.SUSIE.munged.tsv
FinnGen_R8	GWAS	/disks/data/merge/finemap/fg/K11_ALCOLIV.SUSIE.munged.tsv
FinnGen_R8	GWAS	/disks/data/merge/finemap/fg/K11_APHTA_RECUR.SUSIE.munged.tsv
FinnGen_R8	GWAS	/disks/data/merge/finemap/fg/K11_APPENDACUT.SUSIE.munged.tsv
FinnGen_R8	GWAS	/disks/data/merge/finemap/fg/K11_APPENDECTOMY.SUSIE.munged.tsv
FinnGen_R8	GWAS	/disks/data/merge/finemap/fg/K11_ATTRITION.SUSIE.munged.tsv
FinnGen_R8	GWAS	/disks/data/merge/finemap/fg/K11_CARIES_1_ONLYAVO.SUSIE.munged.tsv
FinnGen_R8	GWAS	/disks/data/merge/finemap/fg/K11_CARIES_2.SUSIE.munged.tsv
FinnGen_R8	GWAS	/disks/data/merge/finemap/fg/K11_CARIES_DENTIN.SUSIE.munged.tsv
FinnGen_R8	GWAS	/disks/data/merge/finemap/fg/K11_CD_STRICT2.SUSIE.munged.tsv
FinnGen_R8	GWAS	/disks/data/merge/finemap/fg/K11_CHOLANGI.SUSIE.munged.tsv
FinnGen_R8	GWAS	/disks/data/merge/finemap/fg/K11_CHOLANGI_STRICT.SUSIE.munged.tsv
FinnGen_R8	GWAS	/disks/data/merge/finemap/fg/K11_CHOLECYST.SUSIE.munged.tsv
FinnGen_R8	GWAS	/disks/data/merge/finemap/fg/K11_CHOLECYSTECTOMY.SUSIE.munged.tsv
FinnGen_R8	GWAS	/disks/data/merge/finemap/fg/K11_CHOLELITH.SUSIE.munged.tsv
FinnGen_R8	GWAS	/disks/data/merge/finemap/fg/K11_CHRONPANC.SUSIE.munged.tsv
FinnGen_R8	GWAS	/disks/data/merge/finemap/fg/K11_COELIAC.SUSIE.munged.tsv
FinnGen_R8	GWAS	/disks/data/merge/finemap/fg/K11_CONSTIPATION.SUSIE.munged.tsv
FinnGen_R8	GWAS	/disks/data/merge/finemap/fg/K11_DEPOSITS.SUSIE.munged.tsv
FinnGen_R8	GWAS	/disks/data/merge/finemap/fg/K11_DIAHER.SUSIE.munged.tsv
FinnGen_R8	GWAS	/disks/data/merge/finemap/fg/K11_DISLIVOTH.SUSIE.munged.tsv
FinnGen_R8	GWAS	/disks/data/merge/finemap/fg/K11_DISOESINOTH.SUSIE.munged.tsv
FinnGen_R8	GWAS	/disks/data/merge/finemap/fg/K11_DISORD_TEETH.SUSIE.munged.tsv
FinnGen_R8	GWAS	/disks/data/merge/finemap/fg/K11_DIVERTIC.SUSIE.munged.tsv
FinnGen_R8	GWAS	/disks/data/merge/finemap/fg/K11_DULC.SUSIE.munged.tsv
FinnGen_R8	GWAS	/disks/data/merge/finemap/fg/K11_EMBIMPACT_TEETH_INCLAVO.SUSIE.munged.tsv
FinnGen_R8	GWAS	/disks/data/merge/finemap/fg/K11_ENERCOLNONINF.SUSIE.munged.tsv
FinnGen_R8	GWAS	/disks/data/merge/finemap/fg/K11_EROSION.SUSIE.munged.tsv
FinnGen_R8	GWAS	/disks/data/merge/finemap/fg/K11_ERUPTION_INCLAVO.SUSIE.munged.tsv
FinnGen_R8	GWAS	/disks/data/merge/finemap/fg/K11_FIBROCHIRLIV.SUSIE.munged.tsv
FinnGen_R8	GWAS	/disks/data/merge/finemap/fg/K11_FISTULA.SUSIE.munged.tsv
FinnGen_R8	GWAS	/disks/data/merge/finemap/fg/K11_GASTRODUOULC.SUSIE.munged.tsv
FinnGen_R8	GWAS	/disks/data/merge/finemap/fg/K11_GINGIVA.SUSIE.munged.tsv
FinnGen_R8	GWAS	/disks/data/merge/finemap/fg/K11_GINGIVITIS_PERIODONTAL.SUSIE.munged.tsv
FinnGen_R8	GWAS	/disks/data/merge/finemap/fg/K11_GINGIV_HYPERPLAS.SUSIE.munged.tsv
FinnGen_R8	GWAS	/disks/data/merge/finemap/fg/K11_GULC.SUSIE.munged.tsv
FinnGen_R8	GWAS	/disks/data/merge/finemap/fg/K11_HAEMORR.SUSIE.munged.tsv
FinnGen_R8	GWAS	/disks/data/merge/finemap/fg/K11_HERING.SUSIE.munged.tsv
FinnGen_R8	GWAS	/disks/data/merge/finemap/fg/K11_HERNIA.SUSIE.munged.tsv
FinnGen_R8	GWAS	/disks/data/merge/finemap/fg/K11_HYPOLASIA_ENAMEL.SUSIE.munged.tsv
FinnGen_R8	GWAS	/disks/data/merge/finemap/fg/K11_HYPOPLASIA_ENAMEL_INCLAVO.SUSIE.munged.tsv
FinnGen_R8	GWAS	/disks/data/merge/finemap/fg/K11_HYPOPLASIA_ENAMEL_PRENATAL_INCLAVO.SUSIE.munged.tsv
FinnGen_R8	GWAS	/disks/data/merge/finemap/fg/K11_HYPO_ONLY_INCLAVO.SUSIE.munged.tsv
FinnGen_R8	GWAS	/disks/data/merge/finemap/fg/K11_INTESTOTH.SUSIE.munged.tsv
FinnGen_R8	GWAS	/disks/data/merge/finemap/fg/K11_KELAIBD.SUSIE.munged.tsv
FinnGen_R8	GWAS	/disks/data/merge/finemap/fg/K11_LIVER.SUSIE.munged.tsv
FinnGen_R8	GWAS	/disks/data/merge/finemap/fg/K11_MAJOR_ANOMALI_JAW_SIZE_INCLAVO.SUSIE.munged.tsv
FinnGen_R8	GWAS	/disks/data/merge/finemap/fg/K11_MIH_CARIES.SUSIE.munged.tsv
FinnGen_R8	GWAS	/disks/data/merge/finemap/fg/K11_MIH_INCLAVO.SUSIE.munged.tsv
FinnGen_R8	GWAS	/disks/data/merge/finemap/fg/K11_OESSTODUO.SUSIE.munged.tsv
FinnGen_R8	GWAS	/disks/data/merge/finemap/fg/K11_OESULC.SUSIE.munged.tsv
FinnGen_R8	GWAS	/disks/data/merge/finemap/fg/K11_OPEN_BITE_INCLAVO.SUSIE.munged.tsv
FinnGen_R8	GWAS	/disks/data/merge/finemap/fg/K11_ORAL.SUSIE.munged.tsv
FinnGen_R8	GWAS	/disks/data/merge/finemap/fg/K11_ORALCYST.SUSIE.munged.tsv
FinnGen_R8	GWAS	/disks/data/merge/finemap/fg/K11_ORAL_LEUCOPLACIA.SUSIE.munged.tsv
FinnGen_R8	GWAS	/disks/data/merge/finemap/fg/K11_ORAL_LEUCOPLACIA_INCLAVO.SUSIE.munged.tsv
FinnGen_R8	GWAS	/disks/data/merge/finemap/fg/K11_ORAL_LEUCOPLAC_RELAT.SUSIE.munged.tsv
FinnGen_R8	GWAS	/disks/data/merge/finemap/fg/K11_ORAL_LICHEN_HYPOT_THYRO.SUSIE.munged.tsv
FinnGen_R8	GWAS	/disks/data/merge/finemap/fg/K11_ORAL_LICHEN_PLANUS_INCLAVO.SUSIE.munged.tsv
FinnGen_R8	GWAS	/disks/data/merge/finemap/fg/K11_ORAL_LICHEN_PLANUS_WIDE.SUSIE.munged.tsv
FinnGen_R8	GWAS	/disks/data/merge/finemap/fg/K11_OTHDIG.SUSIE.munged.tsv
FinnGen_R8	GWAS	/disks/data/merge/finemap/fg/K11_OTHDISDIG.SUSIE.munged.tsv
FinnGen_R8	GWAS	/disks/data/merge/finemap/fg/K11_OTHENTERCOL.SUSIE.munged.tsv
FinnGen_R8	GWAS	/disks/data/merge/finemap/fg/K11_OTHFUNC.SUSIE.munged.tsv
FinnGen_R8	GWAS	/disks/data/merge/finemap/fg/K11_PANCOTH.SUSIE.munged.tsv
FinnGen_R8	GWAS	/disks/data/merge/finemap/fg/K11_PARODON_OPER.SUSIE.munged.tsv
FinnGen_R8	GWAS	/disks/data/merge/finemap/fg/K11_PARODON_OPER_DENTAL_OPER.SUSIE.munged.tsv
FinnGen_R8	GWAS	/disks/data/merge/finemap/fg/K11_PERITONITIS.SUSIE.munged.tsv
FinnGen_R8	GWAS	/disks/data/merge/finemap/fg/K11_PULPITIS_1_ONLYAVO.SUSIE.munged.tsv
FinnGen_R8	GWAS	/disks/data/merge/finemap/fg/K11_PULPITIS_3.SUSIE.munged.tsv
FinnGen_R8	GWAS	/disks/data/merge/finemap/fg/K11_PULP_PERIAPICAL.SUSIE.munged.tsv
FinnGen_R8	GWAS	/disks/data/merge/finemap/fg/K11_REIMB_202.SUSIE.munged.tsv
FinnGen_R8	GWAS	/disks/data/merge/finemap/fg/K11_SALIVARY.SUSIE.munged.tsv
FinnGen_R8	GWAS	/disks/data/merge/finemap/fg/K11_STOMATITIS.SUSIE.munged.tsv
FinnGen_R8	GWAS	/disks/data/merge/finemap/fg/K11_SUPNUM_ONLY_INCLAVO.SUSIE.munged.tsv
FinnGen_R8	GWAS	/disks/data/merge/finemap/fg/K11_TEETH_HARD.SUSIE.munged.tsv
FinnGen_R8	GWAS	/disks/data/merge/finemap/fg/K11_TOOTH_DEV.SUSIE.munged.tsv
FinnGen_R8	GWAS	/disks/data/merge/finemap/fg/K11_UC_STRICT2.SUSIE.munged.tsv
FinnGen_R8	GWAS	/disks/data/merge/finemap/fg/K11_UMBHER.SUSIE.munged.tsv
FinnGen_R8	GWAS	/disks/data/merge/finemap/fg/K11_VASCINT.SUSIE.munged.tsv
FinnGen_R8	GWAS	/disks/data/merge/finemap/fg/K11_VENTHER.SUSIE.munged.tsv
FinnGen_R8	GWAS	/disks/data/merge/finemap/fg/KELA_DIAB_INSUL_EXMORE.SUSIE.munged.tsv
FinnGen_R8	GWAS	/disks/data/merge/finemap/fg/KRA_PSY_ALCOH_EXMORE.SUSIE.munged.tsv
FinnGen_R8	GWAS	/disks/data/merge/finemap/fg/KRA_PSY_ANXIETY_EXMORE.SUSIE.munged.tsv
FinnGen_R8	GWAS	/disks/data/merge/finemap/fg/KRA_PSY_ANYMENTAL.SUSIE.munged.tsv
FinnGen_R8	GWAS	/disks/data/merge/finemap/fg/KRA_PSY_AUTISM_EXMORE.SUSIE.munged.tsv
FinnGen_R8	GWAS	/disks/data/merge/finemap/fg/KRA_PSY_BEHAV_EXMORE.SUSIE.munged.tsv
FinnGen_R8	GWAS	/disks/data/merge/finemap/fg/KRA_PSY_CHILDOTH_EXMORE.SUSIE.munged.tsv
FinnGen_R8	GWAS	/disks/data/merge/finemap/fg/KRA_PSY_DEMENTIA_EXMORE.SUSIE.munged.tsv
FinnGen_R8	GWAS	/disks/data/merge/finemap/fg/KRA_PSY_DEVWIDE_EXMORE.SUSIE.munged.tsv
FinnGen_R8	GWAS	/disks/data/merge/finemap/fg/KRA_PSY_HYPERKIN_EXMORE.SUSIE.munged.tsv
FinnGen_R8	GWAS	/disks/data/merge/finemap/fg/KRA_PSY_MENTALRET_EXMORE.SUSIE.munged.tsv
FinnGen_R8	GWAS	/disks/data/merge/finemap/fg/KRA_PSY_MOOD_EXMORE.SUSIE.munged.tsv
FinnGen_R8	GWAS	/disks/data/merge/finemap/fg/KRA_PSY_PERSON_EXMORE.SUSIE.munged.tsv
FinnGen_R8	GWAS	/disks/data/merge/finemap/fg/KRA_PSY_SCHIZODEL_EXMORE.SUSIE.munged.tsv
FinnGen_R8	GWAS	/disks/data/merge/finemap/fg/KRA_PSY_SPEELING_EXMORE.SUSIE.munged.tsv
FinnGen_R8	GWAS	/disks/data/merge/finemap/fg/KRA_PSY_SUBSTANCE_EXMORE.SUSIE.munged.tsv
FinnGen_R8	GWAS	/disks/data/merge/finemap/fg/KRA_PSY_TIC.SUSIE.munged.tsv
FinnGen_R8	GWAS	/disks/data/merge/finemap/fg/L12_ACANTHNIGRICANS.SUSIE.munged.tsv
FinnGen_R8	GWAS	/disks/data/merge/finemap/fg/L12_ACNE.SUSIE.munged.tsv
FinnGen_R8	GWAS	/disks/data/merge/finemap/fg/L12_ACTINKERA.SUSIE.munged.tsv
FinnGen_R8	GWAS	/disks/data/merge/finemap/fg/L12_ALLERGICCONTACT.SUSIE.munged.tsv
FinnGen_R8	GWAS	/disks/data/merge/finemap/fg/L12_ATOPIC.SUSIE.munged.tsv
FinnGen_R8	GWAS	/disks/data/merge/finemap/fg/L12_CELLULITIS.SUSIE.munged.tsv
FinnGen_R8	GWAS	/disks/data/merge/finemap/fg/L12_DECUBITANSULCERANDPRESSURE.SUSIE.munged.tsv
FinnGen_R8	GWAS	/disks/data/merge/finemap/fg/L12_DERMATITISECZEMA.SUSIE.munged.tsv
FinnGen_R8	GWAS	/disks/data/merge/finemap/fg/L12_DERMATITISNAS.SUSIE.munged.tsv
FinnGen_R8	GWAS	/disks/data/merge/finemap/fg/L12_DERM_NUMMULAR.SUSIE.munged.tsv
FinnGen_R8	GWAS	/disks/data/merge/finemap/fg/L12_DISORDSKINAPPENDIX.SUSIE.munged.tsv
FinnGen_R8	GWAS	/disks/data/merge/finemap/fg/L12_DYSHIDROSIS.SUSIE.munged.tsv
FinnGen_R8	GWAS	/disks/data/merge/finemap/fg/L12_ERYTHEMANODOSUM.SUSIE.munged.tsv
FinnGen_R8	GWAS	/disks/data/merge/finemap/fg/L12_ERYTHRO_KELA.SUSIE.munged.tsv
FinnGen_R8	GWAS	/disks/data/merge/finemap/fg/L12_FOLLICULARCYST.SUSIE.munged.tsv
FinnGen_R8	GWAS	/disks/data/merge/finemap/fg/L12_FOLLICULARNAS.SUSIE.munged.tsv
FinnGen_R8	GWAS	/disks/data/merge/finemap/fg/L12_HAIRLOSSNONSCAR.SUSIE.munged.tsv
FinnGen_R8	GWAS	/disks/data/merge/finemap/fg/L12_HIDRADENITISSUP.SUSIE.munged.tsv
FinnGen_R8	GWAS	/disks/data/merge/finemap/fg/L12_HIRSUTISM.SUSIE.munged.tsv
FinnGen_R8	GWAS	/disks/data/merge/finemap/fg/L12_HYPETROPHICSCAR.SUSIE.munged.tsv
FinnGen_R8	GWAS	/disks/data/merge/finemap/fg/L12_INFECT_DERM.SUSIE.munged.tsv
FinnGen_R8	GWAS	/disks/data/merge/finemap/fg/L12_INTERNALSUBSTANCEDERM.SUSIE.munged.tsv
FinnGen_R8	GWAS	/disks/data/merge/finemap/fg/L12_LICHENPLANUS.SUSIE.munged.tsv
FinnGen_R8	GWAS	/disks/data/merge/finemap/fg/L12_LICHENPLANUS_INCLAVO.SUSIE.munged.tsv
FinnGen_R8	GWAS	/disks/data/merge/finemap/fg/L12_LICHSIMPANDPRURIGO.SUSIE.munged.tsv
FinnGen_R8	GWAS	/disks/data/merge/finemap/fg/L12_LOCALDCONNECTISSUEOTH.SUSIE.munged.tsv
FinnGen_R8	GWAS	/disks/data/merge/finemap/fg/L12_LUPUS.SUSIE.munged.tsv
FinnGen_R8	GWAS	/disks/data/merge/finemap/fg/L12_NAIL_INGROW.SUSIE.munged.tsv
FinnGen_R8	GWAS	/disks/data/merge/finemap/fg/L12_NONIONRADISKINNAS.SUSIE.munged.tsv
FinnGen_R8	GWAS	/disks/data/merge/finemap/fg/L12_OTHACUSKINSUN.SUSIE.munged.tsv
FinnGen_R8	GWAS	/disks/data/merge/finemap/fg/L12_OTHACUSKINSUNNAS.SUSIE.munged.tsv
FinnGen_R8	GWAS	/disks/data/merge/finemap/fg/L12_OTHERSKINSUBCUTIS.SUSIE.munged.tsv
FinnGen_R8	GWAS	/disks/data/merge/finemap/fg/L12_OTHPIGMENTATION.SUSIE.munged.tsv
FinnGen_R8	GWAS	/disks/data/merge/finemap/fg/L12_PAPULOSQUAMOUS.SUSIE.munged.tsv
FinnGen_R8	GWAS	/disks/data/merge/finemap/fg/L12_PAPULOSQUONAS.SUSIE.munged.tsv
FinnGen_R8	GWAS	/disks/data/merge/finemap/fg/L12_PEMPHIGOID_NAS.SUSIE.munged.tsv
FinnGen_R8	GWAS	/disks/data/merge/finemap/fg/L12_PILONIDALCYST.SUSIE.munged.tsv
FinnGen_R8	GWAS	/disks/data/merge/finemap/fg/L12_PRURIGONAS.SUSIE.munged.tsv
FinnGen_R8	GWAS	/disks/data/merge/finemap/fg/L12_PSORIASIS.SUSIE.munged.tsv
FinnGen_R8	GWAS	/disks/data/merge/finemap/fg/L12_PSORI_ARTHRO.SUSIE.munged.tsv
FinnGen_R8	GWAS	/disks/data/merge/finemap/fg/L12_PSORI_GUTTATE.SUSIE.munged.tsv
FinnGen_R8	GWAS	/disks/data/merge/finemap/fg/L12_PSORI_NAS.SUSIE.munged.tsv
FinnGen_R8	GWAS	/disks/data/merge/finemap/fg/L12_PSORI_PUSTUPALM.SUSIE.munged.tsv
FinnGen_R8	GWAS	/disks/data/merge/finemap/fg/L12_PSORI_VULG.SUSIE.munged.tsv
FinnGen_R8	GWAS	/disks/data/merge/finemap/fg/L12_PYOGENGRANUL.SUSIE.munged.tsv
FinnGen_R8	GWAS	/disks/data/merge/finemap/fg/L12_RHINOPHYMA.SUSIE.munged.tsv
FinnGen_R8	GWAS	/disks/data/merge/finemap/fg/L12_ROSACEANAS.SUSIE.munged.tsv
FinnGen_R8	GWAS	/disks/data/merge/finemap/fg/L12_SEBORRKERAT.SUSIE.munged.tsv
FinnGen_R8	GWAS	/disks/data/merge/finemap/fg/L12_SKINSUBCUTISNAS.SUSIE.munged.tsv
FinnGen_R8	GWAS	/disks/data/merge/finemap/fg/L12_URTICARIA.SUSIE.munged.tsv
FinnGen_R8	GWAS	/disks/data/merge/finemap/fg/L12_URTICA_ALLERG.SUSIE.munged.tsv
FinnGen_R8	GWAS	/disks/data/merge/finemap/fg/L12_URTICA_NAS.SUSIE.munged.tsv
FinnGen_R8	GWAS	/disks/data/merge/finemap/fg/L12_XEROSCUT.SUSIE.munged.tsv
FinnGen_R8	GWAS	/disks/data/merge/finemap/fg/LOCALIZED_SKIN_ERUPT_DRUGS_MEDICAM.SUSIE.munged.tsv
FinnGen_R8	GWAS	/disks/data/merge/finemap/fg/M13_ADHCAPSULITIS.SUSIE.munged.tsv
FinnGen_R8	GWAS	/disks/data/merge/finemap/fg/M13_ALGONEURO.SUSIE.munged.tsv
FinnGen_R8	GWAS	/disks/data/merge/finemap/fg/M13_ANKYLOSPON.SUSIE.munged.tsv
FinnGen_R8	GWAS	/disks/data/merge/finemap/fg/M13_ANKYLOSPON_STRICT.SUSIE.munged.tsv
FinnGen_R8	GWAS	/disks/data/merge/finemap/fg/M13_ARTHINOTH.SUSIE.munged.tsv
FinnGen_R8	GWAS	/disks/data/merge/finemap/fg/M13_ARTHROPATHIES.SUSIE.munged.tsv
FinnGen_R8	GWAS	/disks/data/merge/finemap/fg/M13_ARTHROSIS.SUSIE.munged.tsv
FinnGen_R8	GWAS	/disks/data/merge/finemap/fg/M13_ARTHROSIS_INCLAVO.SUSIE.munged.tsv
FinnGen_R8	GWAS	/disks/data/merge/finemap/fg/M13_ARTHROSIS_KNEE.SUSIE.munged.tsv
FinnGen_R8	GWAS	/disks/data/merge/finemap/fg/M13_ARTHROSIS_KNEE_PRIM_KNEESURG.SUSIE.munged.tsv
FinnGen_R8	GWAS	/disks/data/merge/finemap/fg/M13_ARTHROSIS_OTH.SUSIE.munged.tsv
FinnGen_R8	GWAS	/disks/data/merge/finemap/fg/M13_ARTHROSIS_POLY.SUSIE.munged.tsv
FinnGen_R8	GWAS	/disks/data/merge/finemap/fg/M13_ARTHTROSIS_COX.SUSIE.munged.tsv
FinnGen_R8	GWAS	/disks/data/merge/finemap/fg/M13_ARTHTROSIS_COX_PRIM_HIPSURG.SUSIE.munged.tsv
FinnGen_R8	GWAS	/disks/data/merge/finemap/fg/M13_ARTHTROSIS_COX_PRIM_ICD10.SUSIE.munged.tsv
FinnGen_R8	GWAS	/disks/data/merge/finemap/fg/M13_BURSITISKNEEOTH.SUSIE.munged.tsv
FinnGen_R8	GWAS	/disks/data/merge/finemap/fg/M13_CALCIFICTEND.SUSIE.munged.tsv
FinnGen_R8	GWAS	/disks/data/merge/finemap/fg/M13_CARTILAGE.SUSIE.munged.tsv
FinnGen_R8	GWAS	/disks/data/merge/finemap/fg/M13_CERVICALGIA.SUSIE.munged.tsv
FinnGen_R8	GWAS	/disks/data/merge/finemap/fg/M13_CERVICDISC.SUSIE.munged.tsv
FinnGen_R8	GWAS	/disks/data/merge/finemap/fg/M13_CHONDROMALACIA.SUSIE.munged.tsv
FinnGen_R8	GWAS	/disks/data/merge/finemap/fg/M13_CONNECTNAS.SUSIE.munged.tsv
FinnGen_R8	GWAS	/disks/data/merge/finemap/fg/M13_CRYSTALARTH.SUSIE.munged.tsv
FinnGen_R8	GWAS	/disks/data/merge/finemap/fg/M13_DEFORMDORSO.SUSIE.munged.tsv
FinnGen_R8	GWAS	/disks/data/merge/finemap/fg/M13_DISCITIS.SUSIE.munged.tsv
FinnGen_R8	GWAS	/disks/data/merge/finemap/fg/M13_DORSALGIA.SUSIE.munged.tsv
FinnGen_R8	GWAS	/disks/data/merge/finemap/fg/M13_DORSALGIANAS.SUSIE.munged.tsv
FinnGen_R8	GWAS	/disks/data/merge/finemap/fg/M13_DORSOPATHY.SUSIE.munged.tsv
FinnGen_R8	GWAS	/disks/data/merge/finemap/fg/M13_DORSOPATHYNAS.SUSIE.munged.tsv
FinnGen_R8	GWAS	/disks/data/merge/finemap/fg/M13_DORSOPATHYOTH.SUSIE.munged.tsv
FinnGen_R8	GWAS	/disks/data/merge/finemap/fg/M13_DUPUTRYEN.SUSIE.munged.tsv
FinnGen_R8	GWAS	/disks/data/merge/finemap/fg/M13_EARLY_LUMBAR_PROLAPSE.SUSIE.munged.tsv
FinnGen_R8	GWAS	/disks/data/merge/finemap/fg/M13_ENTEROARTHR.SUSIE.munged.tsv
FinnGen_R8	GWAS	/disks/data/merge/finemap/fg/M13_ENTESOPATHYOTH.SUSIE.munged.tsv
FinnGen_R8	GWAS	/disks/data/merge/finemap/fg/M13_FATIGFRACT.SUSIE.munged.tsv
FinnGen_R8	GWAS	/disks/data/merge/finemap/fg/M13_FATPADHYPERTROPHY.SUSIE.munged.tsv
FinnGen_R8	GWAS	/disks/data/merge/finemap/fg/M13_FIBROBLASTIC.SUSIE.munged.tsv
FinnGen_R8	GWAS	/disks/data/merge/finemap/fg/M13_FIBROMYALGIA.SUSIE.munged.tsv
FinnGen_R8	GWAS	/disks/data/merge/finemap/fg/M13_FLATFOOT.SUSIE.munged.tsv
FinnGen_R8	GWAS	/disks/data/merge/finemap/fg/M13_FORESTIER.SUSIE.munged.tsv
FinnGen_R8	GWAS	/disks/data/merge/finemap/fg/M13_GANGLION.SUSIE.munged.tsv
FinnGen_R8	GWAS	/disks/data/merge/finemap/fg/M13_GOUT.SUSIE.munged.tsv
FinnGen_R8	GWAS	/disks/data/merge/finemap/fg/M13_HALLUDEFORMOTH.SUSIE.munged.tsv
FinnGen_R8	GWAS	/disks/data/merge/finemap/fg/M13_HALLUXRIGIDUS.SUSIE.munged.tsv
FinnGen_R8	GWAS	/disks/data/merge/finemap/fg/M13_HALLUXVALGUS.SUSIE.munged.tsv
FinnGen_R8	GWAS	/disks/data/merge/finemap/fg/M13_HAMMERTOE.SUSIE.munged.tsv
FinnGen_R8	GWAS	/disks/data/merge/finemap/fg/M13_ILIOTIBBAND.SUSIE.munged.tsv
FinnGen_R8	GWAS	/disks/data/merge/finemap/fg/M13_IMPINGEMENT.SUSIE.munged.tsv
FinnGen_R8	GWAS	/disks/data/merge/finemap/fg/M13_INFBURSA.SUSIE.munged.tsv
FinnGen_R8	GWAS	/disks/data/merge/finemap/fg/M13_INTERVERTEB.SUSIE.munged.tsv
FinnGen_R8	GWAS	/disks/data/merge/finemap/fg/M13_KNEEDERANGEMENTS.SUSIE.munged.tsv
FinnGen_R8	GWAS	/disks/data/merge/finemap/fg/M13_LIMBPAIN.SUSIE.munged.tsv
FinnGen_R8	GWAS	/disks/data/merge/finemap/fg/M13_LOWBACKPAIN.SUSIE.munged.tsv
FinnGen_R8	GWAS	/disks/data/merge/finemap/fg/M13_LOWBACKPAINORANDSCIATICA.SUSIE.munged.tsv
FinnGen_R8	GWAS	/disks/data/merge/finemap/fg/M13_MCTD.SUSIE.munged.tsv
FinnGen_R8	GWAS	/disks/data/merge/finemap/fg/M13_MENISCUSDERANGEMENTS.SUSIE.munged.tsv
FinnGen_R8	GWAS	/disks/data/merge/finemap/fg/M13_MUSCLE.SUSIE.munged.tsv
FinnGen_R8	GWAS	/disks/data/merge/finemap/fg/M13_MUSCLESTRAIN.SUSIE.munged.tsv
FinnGen_R8	GWAS	/disks/data/merge/finemap/fg/M13_MYALGIA.SUSIE.munged.tsv
FinnGen_R8	GWAS	/disks/data/merge/finemap/fg/M13_OLECRANONBURSITIS.SUSIE.munged.tsv
FinnGen_R8	GWAS	/disks/data/merge/finemap/fg/M13_OSTEOCHONDRO.SUSIE.munged.tsv
FinnGen_R8	GWAS	/disks/data/merge/finemap/fg/M13_OSTEOPOROSIS.SUSIE.munged.tsv
FinnGen_R8	GWAS	/disks/data/merge/finemap/fg/M13_OTHERJOINT.SUSIE.munged.tsv
FinnGen_R8	GWAS	/disks/data/merge/finemap/fg/M13_OVERLAP.SUSIE.munged.tsv
FinnGen_R8	GWAS	/disks/data/merge/finemap/fg/M13_PANNICULITISNAS.SUSIE.munged.tsv
FinnGen_R8	GWAS	/disks/data/merge/finemap/fg/M13_PATELLAOTH.SUSIE.munged.tsv
FinnGen_R8	GWAS	/disks/data/merge/finemap/fg/M13_PLANTARFASC.SUSIE.munged.tsv
FinnGen_R8	GWAS	/disks/data/merge/finemap/fg/M13_POLYARTHRITIS.SUSIE.munged.tsv
FinnGen_R8	GWAS	/disks/data/merge/finemap/fg/M13_POLYARTHROPATHIES.SUSIE.munged.tsv
FinnGen_R8	GWAS	/disks/data/merge/finemap/fg/M13_POLYMYALGIA.SUSIE.munged.tsv
FinnGen_R8	GWAS	/disks/data/merge/finemap/fg/M13_PSORIARTH.SUSIE.munged.tsv
FinnGen_R8	GWAS	/disks/data/merge/finemap/fg/M13_RHEUMA.SUSIE.munged.tsv
FinnGen_R8	GWAS	/disks/data/merge/finemap/fg/M13_RHEUMATISM.SUSIE.munged.tsv
FinnGen_R8	GWAS	/disks/data/merge/finemap/fg/M13_ROTATORCUFF.SUSIE.munged.tsv
FinnGen_R8	GWAS	/disks/data/merge/finemap/fg/M13_SACROILIITIS.SUSIE.munged.tsv
FinnGen_R8	GWAS	/disks/data/merge/finemap/fg/M13_SCIATICA.SUSIE.munged.tsv
FinnGen_R8	GWAS	/disks/data/merge/finemap/fg/M13_SCOLIOSIS.SUSIE.munged.tsv
FinnGen_R8	GWAS	/disks/data/merge/finemap/fg/M13_SHORTACHILLES.SUSIE.munged.tsv
FinnGen_R8	GWAS	/disks/data/merge/finemap/fg/M13_SHOULDER.SUSIE.munged.tsv
FinnGen_R8	GWAS	/disks/data/merge/finemap/fg/M13_SHOULDERNAS.SUSIE.munged.tsv
FinnGen_R8	GWAS	/disks/data/merge/finemap/fg/M13_SJOGREN.SUSIE.munged.tsv
FinnGen_R8	GWAS	/disks/data/merge/finemap/fg/M13_SOFTOVERUSE.SUSIE.munged.tsv
FinnGen_R8	GWAS	/disks/data/merge/finemap/fg/M13_SOFTTISSUE.SUSIE.munged.tsv
FinnGen_R8	GWAS	/disks/data/merge/finemap/fg/M13_SOFTTISSUENAS.SUSIE.munged.tsv
FinnGen_R8	GWAS	/disks/data/merge/finemap/fg/M13_SOFTTISSUEOTH.SUSIE.munged.tsv
FinnGen_R8	GWAS	/disks/data/merge/finemap/fg/M13_SPININSTAB.SUSIE.munged.tsv
FinnGen_R8	GWAS	/disks/data/merge/finemap/fg/M13_SPINSTENOSIS.SUSIE.munged.tsv
FinnGen_R8	GWAS	/disks/data/merge/finemap/fg/M13_SPONDYLINFLAMNAS.SUSIE.munged.tsv
FinnGen_R8	GWAS	/disks/data/merge/finemap/fg/M13_SPONDYLOLISTHESIS.SUSIE.munged.tsv
FinnGen_R8	GWAS	/disks/data/merge/finemap/fg/M13_SPONDYLOPATHY.SUSIE.munged.tsv
FinnGen_R8	GWAS	/disks/data/merge/finemap/fg/M13_SPONDYLOSIS.SUSIE.munged.tsv
FinnGen_R8	GWAS	/disks/data/merge/finemap/fg/M13_SYNOTEND.SUSIE.munged.tsv
FinnGen_R8	GWAS	/disks/data/merge/finemap/fg/M13_SYSTCONNECT.SUSIE.munged.tsv
FinnGen_R8	GWAS	/disks/data/merge/finemap/fg/M13_SYSTSLCE.SUSIE.munged.tsv
FinnGen_R8	GWAS	/disks/data/merge/finemap/fg/M13_TRIGGERFINGER.SUSIE.munged.tsv
FinnGen_R8	GWAS	/disks/data/merge/finemap/fg/M13_VARUS.SUSIE.munged.tsv
FinnGen_R8	GWAS	/disks/data/merge/finemap/fg/M13_WEGENER.SUSIE.munged.tsv
FinnGen_R8	GWAS	/disks/data/merge/finemap/fg/MACULAR_CYST.SUSIE.munged.tsv
FinnGen_R8	GWAS	/disks/data/merge/finemap/fg/MACULAR_HOLE.SUSIE.munged.tsv
FinnGen_R8	GWAS	/disks/data/merge/finemap/fg/MACULAR_PUCKER.SUSIE.munged.tsv
FinnGen_R8	GWAS	/disks/data/merge/finemap/fg/MACULA_NAS.SUSIE.munged.tsv
FinnGen_R8	GWAS	/disks/data/merge/finemap/fg/MEMLOSS.SUSIE.munged.tsv
FinnGen_R8	GWAS	/disks/data/merge/finemap/fg/MIGRAINE_TRIPTAN.SUSIE.munged.tsv
FinnGen_R8	GWAS	/disks/data/merge/finemap/fg/MUCOPROCT.SUSIE.munged.tsv
FinnGen_R8	GWAS	/disks/data/merge/finemap/fg/MYELOPROF_NONCML.SUSIE.munged.tsv
FinnGen_R8	GWAS	/disks/data/merge/finemap/fg/N14_ABNORMALBLEED.SUSIE.munged.tsv
FinnGen_R8	GWAS	/disks/data/merge/finemap/fg/N14_ACUTERENFAIL.SUSIE.munged.tsv
FinnGen_R8	GWAS	/disks/data/merge/finemap/fg/N14_BARTHOABSCESS.SUSIE.munged.tsv
FinnGen_R8	GWAS	/disks/data/merge/finemap/fg/N14_BARTHOCYS.SUSIE.munged.tsv
FinnGen_R8	GWAS	/disks/data/merge/finemap/fg/N14_BENIGNMAMDYSP.SUSIE.munged.tsv
FinnGen_R8	GWAS	/disks/data/merge/finemap/fg/N14_BREAST.SUSIE.munged.tsv
FinnGen_R8	GWAS	/disks/data/merge/finemap/fg/N14_BREASTDISOTH.SUSIE.munged.tsv
FinnGen_R8	GWAS	/disks/data/merge/finemap/fg/N14_CALCUKIDUR.SUSIE.munged.tsv
FinnGen_R8	GWAS	/disks/data/merge/finemap/fg/N14_CALCULOWER.SUSIE.munged.tsv
FinnGen_R8	GWAS	/disks/data/merge/finemap/fg/N14_CERVICAL_DYSPLASIA_ALL.SUSIE.munged.tsv
FinnGen_R8	GWAS	/disks/data/merge/finemap/fg/N14_CERVICAL_HSIL.SUSIE.munged.tsv
FinnGen_R8	GWAS	/disks/data/merge/finemap/fg/N14_CERVICAL_LSIL.SUSIE.munged.tsv
FinnGen_R8	GWAS	/disks/data/merge/finemap/fg/N14_CHRONEPHROPATH.SUSIE.munged.tsv
FinnGen_R8	GWAS	/disks/data/merge/finemap/fg/N14_CHRONKIDNEYDIS.SUSIE.munged.tsv
FinnGen_R8	GWAS	/disks/data/merge/finemap/fg/N14_DIALYSIS.SUSIE.munged.tsv
FinnGen_R8	GWAS	/disks/data/merge/finemap/fg/N14_DISIMPAIRRENTUB.SUSIE.munged.tsv
FinnGen_R8	GWAS	/disks/data/merge/finemap/fg/N14_ENDOMETRIOSIS.SUSIE.munged.tsv
FinnGen_R8	GWAS	/disks/data/merge/finemap/fg/N14_ENDOMETRIOSIS_ASRM_STAGE1_2.SUSIE.munged.tsv
FinnGen_R8	GWAS	/disks/data/merge/finemap/fg/N14_ENDOMETRIOSIS_ASRM_STAGE3_4.SUSIE.munged.tsv
FinnGen_R8	GWAS	/disks/data/merge/finemap/fg/N14_ENDOMETRIOSIS_DEEP.SUSIE.munged.tsv
FinnGen_R8	GWAS	/disks/data/merge/finemap/fg/N14_ENDOMETRIOSIS_NOS.SUSIE.munged.tsv
FinnGen_R8	GWAS	/disks/data/merge/finemap/fg/N14_ENDOMETRIOSIS_OVARY.SUSIE.munged.tsv
FinnGen_R8	GWAS	/disks/data/merge/finemap/fg/N14_ENDOMETRIOSIS_PELVICPERITONEUM.SUSIE.munged.tsv
FinnGen_R8	GWAS	/disks/data/merge/finemap/fg/N14_ENDOMETRIOSIS_RECTPVAGSEPT_VAGINA.SUSIE.munged.tsv
FinnGen_R8	GWAS	/disks/data/merge/finemap/fg/N14_ENDOMETRIOSIS_UTERUS.SUSIE.munged.tsv
FinnGen_R8	GWAS	/disks/data/merge/finemap/fg/N14_ENDOMET_INFERT.SUSIE.munged.tsv
FinnGen_R8	GWAS	/disks/data/merge/finemap/fg/N14_EROSECTROPUT.SUSIE.munged.tsv
FinnGen_R8	GWAS	/disks/data/merge/finemap/fg/N14_FEMALEGENINF.SUSIE.munged.tsv
FinnGen_R8	GWAS	/disks/data/merge/finemap/fg/N14_FEMALEGENNONINF.SUSIE.munged.tsv
FinnGen_R8	GWAS	/disks/data/merge/finemap/fg/N14_FEMALEINFERT.SUSIE.munged.tsv
FinnGen_R8	GWAS	/disks/data/merge/finemap/fg/N14_FEMALE_GENITAL_DYSPLASIA_ALL.SUSIE.munged.tsv
FinnGen_R8	GWAS	/disks/data/merge/finemap/fg/N14_FEMALE_GENITAL_HSIL.SUSIE.munged.tsv
FinnGen_R8	GWAS	/disks/data/merge/finemap/fg/N14_FEMGENFISTUL.SUSIE.munged.tsv
FinnGen_R8	GWAS	/disks/data/merge/finemap/fg/N14_FEMGENPROL.SUSIE.munged.tsv
FinnGen_R8	GWAS	/disks/data/merge/finemap/fg/N14_FEMPELINFINOTH.SUSIE.munged.tsv
FinnGen_R8	GWAS	/disks/data/merge/finemap/fg/N14_FIANOV.SUSIE.munged.tsv
FinnGen_R8	GWAS	/disks/data/merge/finemap/fg/N14_FIOTHNAS.SUSIE.munged.tsv
FinnGen_R8	GWAS	/disks/data/merge/finemap/fg/N14_FITUB.SUSIE.munged.tsv
FinnGen_R8	GWAS	/disks/data/merge/finemap/fg/N14_GLOMERULAR.SUSIE.munged.tsv
FinnGen_R8	GWAS	/disks/data/merge/finemap/fg/N14_GLOMER_NEPHRITIS.SUSIE.munged.tsv
FinnGen_R8	GWAS	/disks/data/merge/finemap/fg/N14_HENOCHSCHONLEIN_NEPHRITIS.SUSIE.munged.tsv
FinnGen_R8	GWAS	/disks/data/merge/finemap/fg/N14_HYDROCELE.SUSIE.munged.tsv
FinnGen_R8	GWAS	/disks/data/merge/finemap/fg/N14_HYPERTROPHYBREAST.SUSIE.munged.tsv
FinnGen_R8	GWAS	/disks/data/merge/finemap/fg/N14_HYPERTROPHYBREAST_BOTH.SUSIE.munged.tsv
FinnGen_R8	GWAS	/disks/data/merge/finemap/fg/N14_INFLAMALEGEN.SUSIE.munged.tsv
FinnGen_R8	GWAS	/disks/data/merge/finemap/fg/N14_ISOLPROTEINURIA.SUSIE.munged.tsv
FinnGen_R8	GWAS	/disks/data/merge/finemap/fg/N14_MALEGEN.SUSIE.munged.tsv
FinnGen_R8	GWAS	/disks/data/merge/finemap/fg/N14_MALEINFERT.SUSIE.munged.tsv
FinnGen_R8	GWAS	/disks/data/merge/finemap/fg/N14_MENOPAUSOT.SUSIE.munged.tsv
FinnGen_R8	GWAS	/disks/data/merge/finemap/fg/N14_MENORRHAGIA.SUSIE.munged.tsv
FinnGen_R8	GWAS	/disks/data/merge/finemap/fg/N14_MENSIRREG.SUSIE.munged.tsv
FinnGen_R8	GWAS	/disks/data/merge/finemap/fg/N14_MESNRUIRREG.SUSIE.munged.tsv
FinnGen_R8	GWAS	/disks/data/merge/finemap/fg/N14_NEPHROTICSYND.SUSIE.munged.tsv
FinnGen_R8	GWAS	/disks/data/merge/finemap/fg/N14_ORHCEPINDIDYMITIS.SUSIE.munged.tsv
FinnGen_R8	GWAS	/disks/data/merge/finemap/fg/N14_OTHFEMPELINF.SUSIE.munged.tsv
FinnGen_R8	GWAS	/disks/data/merge/finemap/fg/N14_OTHNONINFUTER.SUSIE.munged.tsv
FinnGen_R8	GWAS	/disks/data/merge/finemap/fg/N14_OVARYCYST.SUSIE.munged.tsv
FinnGen_R8	GWAS	/disks/data/merge/finemap/fg/N14_OVAR_HYPERSTIM.SUSIE.munged.tsv
FinnGen_R8	GWAS	/disks/data/merge/finemap/fg/N14_PHIMOSIS.SUSIE.munged.tsv
FinnGen_R8	GWAS	/disks/data/merge/finemap/fg/N14_POLYPFEMGEN.SUSIE.munged.tsv
FinnGen_R8	GWAS	/disks/data/merge/finemap/fg/N14_POSTMENBLEED.SUSIE.munged.tsv
FinnGen_R8	GWAS	/disks/data/merge/finemap/fg/N14_PROSTAOTH.SUSIE.munged.tsv
FinnGen_R8	GWAS	/disks/data/merge/finemap/fg/N14_PROSTATITIS.SUSIE.munged.tsv
FinnGen_R8	GWAS	/disks/data/merge/finemap/fg/N14_PROSTHYPERPLA.SUSIE.munged.tsv
FinnGen_R8	GWAS	/disks/data/merge/finemap/fg/N14_PYELONEPHR.SUSIE.munged.tsv
FinnGen_R8	GWAS	/disks/data/merge/finemap/fg/N14_RENALTUB.SUSIE.munged.tsv
FinnGen_R8	GWAS	/disks/data/merge/finemap/fg/N14_RENALTUBULOOTH.SUSIE.munged.tsv
FinnGen_R8	GWAS	/disks/data/merge/finemap/fg/N14_RENFAIL.SUSIE.munged.tsv
FinnGen_R8	GWAS	/disks/data/merge/finemap/fg/N14_SPERMATOCELE.SUSIE.munged.tsv
FinnGen_R8	GWAS	/disks/data/merge/finemap/fg/N14_URETHRAOTH.SUSIE.munged.tsv
FinnGen_R8	GWAS	/disks/data/merge/finemap/fg/N14_URETHRITISANDURSYNDR.SUSIE.munged.tsv
FinnGen_R8	GWAS	/disks/data/merge/finemap/fg/N14_URINOTH.SUSIE.munged.tsv
FinnGen_R8	GWAS	/disks/data/merge/finemap/fg/N14_UTER_POLYP.SUSIE.munged.tsv
FinnGen_R8	GWAS	/disks/data/merge/finemap/fg/N14_VULVAL_HSIL.SUSIE.munged.tsv
FinnGen_R8	GWAS	/disks/data/merge/finemap/fg/N14_VULVOVAGINFINOTH.SUSIE.munged.tsv
FinnGen_R8	GWAS	/disks/data/merge/finemap/fg/NAFLD.SUSIE.munged.tsv
FinnGen_R8	GWAS	/disks/data/merge/finemap/fg/NASH.SUSIE.munged.tsv
FinnGen_R8	GWAS	/disks/data/merge/finemap/fg/NEURODEGOTH.SUSIE.munged.tsv
FinnGen_R8	GWAS	/disks/data/merge/finemap/fg/NIV.SUSIE.munged.tsv
FinnGen_R8	GWAS	/disks/data/merge/finemap/fg/NONALLERG_ASTHMA_EXMORE.SUSIE.munged.tsv
FinnGen_R8	GWAS	/disks/data/merge/finemap/fg/O15_ABORT_FAILED.SUSIE.munged.tsv
FinnGen_R8	GWAS	/disks/data/merge/finemap/fg/O15_ABORT_MEDICAL.SUSIE.munged.tsv
FinnGen_R8	GWAS	/disks/data/merge/finemap/fg/O15_ABORT_OTHER.SUSIE.munged.tsv
FinnGen_R8	GWAS	/disks/data/merge/finemap/fg/O15_AMNIOT_OTHER.SUSIE.munged.tsv
FinnGen_R8	GWAS	/disks/data/merge/finemap/fg/O15_ANTEPART_HAEM_NAS.SUSIE.munged.tsv
FinnGen_R8	GWAS	/disks/data/merge/finemap/fg/O15_COMPLIC_ABORT_ECTOP_MOLAR.SUSIE.munged.tsv
FinnGen_R8	GWAS	/disks/data/merge/finemap/fg/O15_COMPLIC_PUERP.SUSIE.munged.tsv
FinnGen_R8	GWAS	/disks/data/merge/finemap/fg/O15_DELIV_PERIN_LACER.SUSIE.munged.tsv
FinnGen_R8	GWAS	/disks/data/merge/finemap/fg/O15_DELIV_SPONT.SUSIE.munged.tsv
FinnGen_R8	GWAS	/disks/data/merge/finemap/fg/O15_EXCESS_VOMIT_PREG.SUSIE.munged.tsv
FinnGen_R8	GWAS	/disks/data/merge/finemap/fg/O15_EXIST_HYPERT_COMPLIC.SUSIE.munged.tsv
FinnGen_R8	GWAS	/disks/data/merge/finemap/fg/O15_FAILED_INDUCT.SUSIE.munged.tsv
FinnGen_R8	GWAS	/disks/data/merge/finemap/fg/O15_FALSE_LAB.SUSIE.munged.tsv
FinnGen_R8	GWAS	/disks/data/merge/finemap/fg/O15_GESTAT_HYPERT.SUSIE.munged.tsv
FinnGen_R8	GWAS	/disks/data/merge/finemap/fg/O15_GESTAT_OEDEM_PREINUR.SUSIE.munged.tsv
FinnGen_R8	GWAS	/disks/data/merge/finemap/fg/O15_HYPTENSPREG.SUSIE.munged.tsv
FinnGen_R8	GWAS	/disks/data/merge/finemap/fg/O15_ICP_EXMORE.SUSIE.munged.tsv
FinnGen_R8	GWAS	/disks/data/merge/finemap/fg/O15_ICP_WIDE.SUSIE.munged.tsv
FinnGen_R8	GWAS	/disks/data/merge/finemap/fg/O15_ICP_WIDE_EXMORE.SUSIE.munged.tsv
FinnGen_R8	GWAS	/disks/data/merge/finemap/fg/O15_LABOUR_ABNORM_FORCES.SUSIE.munged.tsv
FinnGen_R8	GWAS	/disks/data/merge/finemap/fg/O15_LABOUR_ANEST_COMPLIC.SUSIE.munged.tsv
FinnGen_R8	GWAS	/disks/data/merge/finemap/fg/O15_LABOUR_INTRAPART_HAEMORRH.SUSIE.munged.tsv
FinnGen_R8	GWAS	/disks/data/merge/finemap/fg/O15_LABOUR_OTHER.SUSIE.munged.tsv
FinnGen_R8	GWAS	/disks/data/merge/finemap/fg/O15_LABOUR_PELVIC_ABNORM.SUSIE.munged.tsv
FinnGen_R8	GWAS	/disks/data/merge/finemap/fg/O15_MATERN_CARE_CERVICAL_INCOMPETENCE.SUSIE.munged.tsv
FinnGen_R8	GWAS	/disks/data/merge/finemap/fg/O15_MATERN_CARE_FETAL_ABNORM.SUSIE.munged.tsv
FinnGen_R8	GWAS	/disks/data/merge/finemap/fg/O15_MATERN_CARE_OTHER.SUSIE.munged.tsv
FinnGen_R8	GWAS	/disks/data/merge/finemap/fg/O15_MATERN_CARE_PELVIC_ABNORM.SUSIE.munged.tsv
FinnGen_R8	GWAS	/disks/data/merge/finemap/fg/O15_MAT_CARE_MALPRESENT.SUSIE.munged.tsv
FinnGen_R8	GWAS	/disks/data/merge/finemap/fg/O15_OTHER_MATERN_DIS_ELSEWHERE.SUSIE.munged.tsv
FinnGen_R8	GWAS	/disks/data/merge/finemap/fg/O15_POOR_FETGRO.SUSIE.munged.tsv
FinnGen_R8	GWAS	/disks/data/merge/finemap/fg/O15_POSTPART_DEPR.SUSIE.munged.tsv
FinnGen_R8	GWAS	/disks/data/merge/finemap/fg/O15_POSTPART_HEAMORRH.SUSIE.munged.tsv
FinnGen_R8	GWAS	/disks/data/merge/finemap/fg/O15_POSTPART_HEAMORRH_LB.SUSIE.munged.tsv
FinnGen_R8	GWAS	/disks/data/merge/finemap/fg/O15_PREECLAMPS.SUSIE.munged.tsv
FinnGen_R8	GWAS	/disks/data/merge/finemap/fg/O15_PREEC_OR_FETGRO.SUSIE.munged.tsv
FinnGen_R8	GWAS	/disks/data/merge/finemap/fg/O15_PREG_MATERN_CARE.SUSIE.munged.tsv
FinnGen_R8	GWAS	/disks/data/merge/finemap/fg/O15_PREG_OTHER_MAT_DISORD.SUSIE.munged.tsv
FinnGen_R8	GWAS	/disks/data/merge/finemap/fg/O15_PREG_PROLONGED.SUSIE.munged.tsv
FinnGen_R8	GWAS	/disks/data/merge/finemap/fg/O15_PRE_OR_ECLAMPSIA.SUSIE.munged.tsv
FinnGen_R8	GWAS	/disks/data/merge/finemap/fg/O15_PUERP_INFECT_OTHER.SUSIE.munged.tsv
FinnGen_R8	GWAS	/disks/data/merge/finemap/fg/O15_VENOUS_COMPLIC.SUSIE.munged.tsv
FinnGen_R8	GWAS	/disks/data/merge/finemap/fg/OSTEON_DRUGS.SUSIE.munged.tsv
FinnGen_R8	GWAS	/disks/data/merge/finemap/fg/OSTEOPOROSIS_FRACTURE_FG.SUSIE.munged.tsv
FinnGen_R8	GWAS	/disks/data/merge/finemap/fg/OSTPOPATFRCTURE_POSTEMENO.SUSIE.munged.tsv
FinnGen_R8	GWAS	/disks/data/merge/finemap/fg/OTHER_DRUGADVERS_SECONDA_PARKINSONI.SUSIE.munged.tsv
FinnGen_R8	GWAS	/disks/data/merge/finemap/fg/OTHER_SYSTCON_FG.SUSIE.munged.tsv
FinnGen_R8	GWAS	/disks/data/merge/finemap/fg/P16_INFECTIONS_SPECIFIC_PERINA_PERIOD.SUSIE.munged.tsv
FinnGen_R8	GWAS	/disks/data/merge/finemap/fg/P16_NEONTAL_JAUND_OTH_UNSP_CAUSES.SUSIE.munged.tsv
FinnGen_R8	GWAS	/disks/data/merge/finemap/fg/P16_OTH_INFECTIONS_SPECIFIC_PERINA_PERIOD.SUSIE.munged.tsv
FinnGen_R8	GWAS	/disks/data/merge/finemap/fg/PAIN.SUSIE.munged.tsv
FinnGen_R8	GWAS	/disks/data/merge/finemap/fg/PD2ND_EXMORE.SUSIE.munged.tsv
FinnGen_R8	GWAS	/disks/data/merge/finemap/fg/PDSTRICT_EXMORE.SUSIE.munged.tsv
FinnGen_R8	GWAS	/disks/data/merge/finemap/fg/PD_DEMENTIA_EXMORE.SUSIE.munged.tsv
FinnGen_R8	GWAS	/disks/data/merge/finemap/fg/PHLEBI_THROMBOP_LOWER_EXTREMITI_UNSPE.SUSIE.munged.tsv
FinnGen_R8	GWAS	/disks/data/merge/finemap/fg/POLLENALLERG.SUSIE.munged.tsv
FinnGen_R8	GWAS	/disks/data/merge/finemap/fg/POLYCYTVERA.SUSIE.munged.tsv
FinnGen_R8	GWAS	/disks/data/merge/finemap/fg/PRIM_COXARTHROSIS.SUSIE.munged.tsv
FinnGen_R8	GWAS	/disks/data/merge/finemap/fg/PRIM_KNEEARTHROSIS.SUSIE.munged.tsv
FinnGen_R8	GWAS	/disks/data/merge/finemap/fg/PSORI_STRICT.SUSIE.munged.tsv
FinnGen_R8	GWAS	/disks/data/merge/finemap/fg/PULM_INFECTIONS.SUSIE.munged.tsv
FinnGen_R8	GWAS	/disks/data/merge/finemap/fg/Q17_ANKYLOGLOSSIA.SUSIE.munged.tsv
FinnGen_R8	GWAS	/disks/data/merge/finemap/fg/Q17_ASD.SUSIE.munged.tsv
FinnGen_R8	GWAS	/disks/data/merge/finemap/fg/Q17_CLEFT_AND_CARIES_INCLAVO.SUSIE.munged.tsv
FinnGen_R8	GWAS	/disks/data/merge/finemap/fg/Q17_CLEFT_HARD_PALATE_NOS.SUSIE.munged.tsv
FinnGen_R8	GWAS	/disks/data/merge/finemap/fg/Q17_CLEFT_LIP_CLEFT_PALATE.SUSIE.munged.tsv
FinnGen_R8	GWAS	/disks/data/merge/finemap/fg/Q17_CLEFT_PALATE.SUSIE.munged.tsv
FinnGen_R8	GWAS	/disks/data/merge/finemap/fg/Q17_CONGEN_ICHTHYOSIS.SUSIE.munged.tsv
FinnGen_R8	GWAS	/disks/data/merge/finemap/fg/Q17_CONGEN_LENS_MALFO.SUSIE.munged.tsv
FinnGen_R8	GWAS	/disks/data/merge/finemap/fg/Q17_CONGEN_MALFO_AORTIC_MITRAL_VALVES.SUSIE.munged.tsv
FinnGen_R8	GWAS	/disks/data/merge/finemap/fg/Q17_CONGEN_MALFO_CIRCULATO_SYSTEM.SUSIE.munged.tsv
FinnGen_R8	GWAS	/disks/data/merge/finemap/fg/Q17_CONGEN_MALFO_DEFORMAT_MUSCULOS_SYSTEM.SUSIE.munged.tsv
FinnGen_R8	GWAS	/disks/data/merge/finemap/fg/Q17_CONGEN_MALFO_EAR_CAUSI_IMPAIRM_HEARING.SUSIE.munged.tsv
FinnGen_R8	GWAS	/disks/data/merge/finemap/fg/Q17_CONGEN_MALFO_EYELID_LACRIMAL_APPARA_ORBIT.SUSIE.munged.tsv
FinnGen_R8	GWAS	/disks/data/merge/finemap/fg/Q17_CONGEN_MALFO_GALLB_BILE_DUCTS_LIVER.SUSIE.munged.tsv
FinnGen_R8	GWAS	/disks/data/merge/finemap/fg/Q17_CONGEN_MALFO_OVARIES_FALLOP_TUBES_BROAD_LIGAM.SUSIE.munged.tsv
FinnGen_R8	GWAS	/disks/data/merge/finemap/fg/Q17_CONGEN_MALFO_URINARY_SYSTEM.SUSIE.munged.tsv
FinnGen_R8	GWAS	/disks/data/merge/finemap/fg/Q17_CONOTR_DEFEC.SUSIE.munged.tsv
FinnGen_R8	GWAS	/disks/data/merge/finemap/fg/Q17_CYSTIC_KIDNEY_DISEA.SUSIE.munged.tsv
FinnGen_R8	GWAS	/disks/data/merge/finemap/fg/Q17_LVOTO_BROAD.SUSIE.munged.tsv
FinnGen_R8	GWAS	/disks/data/merge/finemap/fg/Q17_LVOTO_NARROW.SUSIE.munged.tsv
FinnGen_R8	GWAS	/disks/data/merge/finemap/fg/Q17_OTHER_CONGEN_MALFO.SUSIE.munged.tsv
FinnGen_R8	GWAS	/disks/data/merge/finemap/fg/Q17_OTHER_CONGEN_MALFO_DIGES_SYSTEM1.SUSIE.munged.tsv
FinnGen_R8	GWAS	/disks/data/merge/finemap/fg/Q17_OTHER_CONGEN_MALFO_SKIN.SUSIE.munged.tsv
FinnGen_R8	GWAS	/disks/data/merge/finemap/fg/Q17_OTHER_OSTEOCHONDROD.SUSIE.munged.tsv
FinnGen_R8	GWAS	/disks/data/merge/finemap/fg/Q17_OTHER_SPECIFE_CONGEN_MALFO_SYNDR_AFFECTING_MULTIPLE_SYSTEMS.SUSIE.munged.tsv
FinnGen_R8	GWAS	/disks/data/merge/finemap/fg/Q17_SEPTA_DEFEC.SUSIE.munged.tsv
FinnGen_R8	GWAS	/disks/data/merge/finemap/fg/Q17_VACTREL.SUSIE.munged.tsv
FinnGen_R8	GWAS	/disks/data/merge/finemap/fg/R18_RETEN_URINE.SUSIE.munged.tsv
FinnGen_R8	GWAS	/disks/data/merge/finemap/fg/RHEUMA_NOS.SUSIE.munged.tsv
FinnGen_R8	GWAS	/disks/data/merge/finemap/fg/RHEUMA_OTHER_WIDE.SUSIE.munged.tsv
FinnGen_R8	GWAS	/disks/data/merge/finemap/fg/RHEUMA_SERONEG.SUSIE.munged.tsv
FinnGen_R8	GWAS	/disks/data/merge/finemap/fg/RHEUMA_SEROPOS.SUSIE.munged.tsv
FinnGen_R8	GWAS	/disks/data/merge/finemap/fg/RHEUMA_SEROPOS_OTH.SUSIE.munged.tsv
FinnGen_R8	GWAS	/disks/data/merge/finemap/fg/RHEUMA_SEROPOS_STRICT.SUSIE.munged.tsv
FinnGen_R8	GWAS	/disks/data/merge/finemap/fg/RHEUMA_SEROPOS_WIDE.SUSIE.munged.tsv
FinnGen_R8	GWAS	/disks/data/merge/finemap/fg/RHEU_ARTHRITIS_OTH.SUSIE.munged.tsv
FinnGen_R8	GWAS	/disks/data/merge/finemap/fg/RX_ANTIHYP.SUSIE.munged.tsv
FinnGen_R8	GWAS	/disks/data/merge/finemap/fg/RX_CODEINE_TRAMADOL.SUSIE.munged.tsv
FinnGen_R8	GWAS	/disks/data/merge/finemap/fg/RX_CROHN_1STLINE.SUSIE.munged.tsv
FinnGen_R8	GWAS	/disks/data/merge/finemap/fg/RX_CROHN_2NDLINE.SUSIE.munged.tsv
FinnGen_R8	GWAS	/disks/data/merge/finemap/fg/RX_GLUCOSAMINE.SUSIE.munged.tsv
FinnGen_R8	GWAS	/disks/data/merge/finemap/fg/RX_N05C.SUSIE.munged.tsv
FinnGen_R8	GWAS	/disks/data/merge/finemap/fg/RX_PARACETAMOL_NSAID.SUSIE.munged.tsv
FinnGen_R8	GWAS	/disks/data/merge/finemap/fg/RX_RHEUMA_BIOLOGICAL.SUSIE.munged.tsv
FinnGen_R8	GWAS	/disks/data/merge/finemap/fg/RX_STATIN.SUSIE.munged.tsv
FinnGen_R8	GWAS	/disks/data/merge/finemap/fg/SCND_OTH_KNEEARTHROSIS.SUSIE.munged.tsv
FinnGen_R8	GWAS	/disks/data/merge/finemap/fg/SLEEP.SUSIE.munged.tsv
FinnGen_R8	GWAS	/disks/data/merge/finemap/fg/SLE_FG.SUSIE.munged.tsv
FinnGen_R8	GWAS	/disks/data/merge/finemap/fg/SLE_STRICT.SUSIE.munged.tsv
FinnGen_R8	GWAS	/disks/data/merge/finemap/fg/SMOKING.SUSIE.munged.tsv
FinnGen_R8	GWAS	/disks/data/merge/finemap/fg/SMOKING_DEPEND.SUSIE.munged.tsv
FinnGen_R8	GWAS	/disks/data/merge/finemap/fg/SPONDYLOARTHRITIS.SUSIE.munged.tsv
FinnGen_R8	GWAS	/disks/data/merge/finemap/fg/SPONDYLOPATHY_FG.SUSIE.munged.tsv
FinnGen_R8	GWAS	/disks/data/merge/finemap/fg/ST19_FRACT_FOOT_ANKLE.SUSIE.munged.tsv
FinnGen_R8	GWAS	/disks/data/merge/finemap/fg/ST19_FRACT_FOREA.SUSIE.munged.tsv
FinnGen_R8	GWAS	/disks/data/merge/finemap/fg/ST19_FRACT_LOWER_LEG_INCLU_ANKLE.SUSIE.munged.tsv
FinnGen_R8	GWAS	/disks/data/merge/finemap/fg/ST19_FRACT_LUMBAR_SPINE_PELVIS.SUSIE.munged.tsv
FinnGen_R8	GWAS	/disks/data/merge/finemap/fg/ST19_FRACT_NECK.SUSIE.munged.tsv
FinnGen_R8	GWAS	/disks/data/merge/finemap/fg/ST19_FRACT_RIBS_STERNUM_THORACIC_SPINE.SUSIE.munged.tsv
FinnGen_R8	GWAS	/disks/data/merge/finemap/fg/ST19_FRACT_SHOUL_UPPER_ARM.SUSIE.munged.tsv
FinnGen_R8	GWAS	/disks/data/merge/finemap/fg/ST19_FRACT_WRIST_HAND_LEVEL.SUSIE.munged.tsv
FinnGen_R8	GWAS	/disks/data/merge/finemap/fg/ST19_TOXIC_EFFECT_ETHAN.SUSIE.munged.tsv
FinnGen_R8	GWAS	/disks/data/merge/finemap/fg/SYSTSCLE_STRICT.SUSIE.munged.tsv
FinnGen_R8	GWAS	/disks/data/merge/finemap/fg/T1D.SUSIE.munged.tsv
FinnGen_R8	GWAS	/disks/data/merge/finemap/fg/T1D_EARLY.SUSIE.munged.tsv
FinnGen_R8	GWAS	/disks/data/merge/finemap/fg/T1D_STRICT1.SUSIE.munged.tsv
FinnGen_R8	GWAS	/disks/data/merge/finemap/fg/T1D_WIDE.SUSIE.munged.tsv
FinnGen_R8	GWAS	/disks/data/merge/finemap/fg/T2D.SUSIE.munged.tsv
FinnGen_R8	GWAS	/disks/data/merge/finemap/fg/T2D_WIDE.SUSIE.munged.tsv
FinnGen_R8	GWAS	/disks/data/merge/finemap/fg/TBC_RESP.SUSIE.munged.tsv
FinnGen_R8	GWAS	/disks/data/merge/finemap/fg/THROMBOCYTAEMIA.SUSIE.munged.tsv
FinnGen_R8	GWAS	/disks/data/merge/finemap/fg/THYROIDITIS.SUSIE.munged.tsv
FinnGen_R8	GWAS	/disks/data/merge/finemap/fg/THYROTOXICOSIS.SUSIE.munged.tsv
FinnGen_R8	GWAS	/disks/data/merge/finemap/fg/TONGUEABNORMALITY.SUSIE.munged.tsv
FinnGen_R8	GWAS	/disks/data/merge/finemap/fg/TRAUMBRAIN_NONCONCUS.SUSIE.munged.tsv
FinnGen_R8	GWAS	/disks/data/merge/finemap/fg/ULCERENTER.SUSIE.munged.tsv
FinnGen_R8	GWAS	/disks/data/merge/finemap/fg/ULCERILEO.SUSIE.munged.tsv
FinnGen_R8	GWAS	/disks/data/merge/finemap/fg/ULCERNAS.SUSIE.munged.tsv
FinnGen_R8	GWAS	/disks/data/merge/finemap/fg/ULCEROTH.SUSIE.munged.tsv
FinnGen_R8	GWAS	/disks/data/merge/finemap/fg/ULCERPROCT.SUSIE.munged.tsv
FinnGen_R8	GWAS	/disks/data/merge/finemap/fg/ULCERRECT.SUSIE.munged.tsv
FinnGen_R8	GWAS	/disks/data/merge/finemap/fg/VD_MI.SUSIE.munged.tsv
FinnGen_R8	GWAS	/disks/data/merge/finemap/fg/VD_SC.SUSIE.munged.tsv
FinnGen_R8	GWAS	/disks/data/merge/finemap/fg/VD_U.SUSIE.munged.tsv
FinnGen_R8	GWAS	/disks/data/merge/finemap/fg/WET_AMD.SUSIE.munged.tsv
FinnGen_R8	GWAS	/disks/data/merge/finemap/fg/Z21_PROBL_RELATED_MEDICAL_FACILITI_OTH_HEALTH_CARE.SUSIE.munged.tsv
FinnGen_R8	GWAS	/disks/data/merge/finemap/fg/Z21_PROCREATIVE_MANAG.SUSIE.munged.tsv
